ISO3,CountryName,nCells,Pop,MeanAnnual_recent,MeanOSDMA8_recent,SlopeAnnual_ppb_per_decade,SlopeOSDMA8_ppb_per_decade,FracCellsSignif
MNG,"Mongolia",187,3203572.07764837,38.6780460187513,46.2847361533987,4.29868483271048,5.11989492201051,1
CHN,"China",1000,1430306643.50536,43.6842590260454,54.090116355972,4.03585885762274,5.91090329443831,0.948
SDN,"Sudan",162,44279536.0434116,38.5915804644322,42.5031758411265,3.71880707982344,2.88044288570478,0.907407407407407
BDI,"Burundi",3,15283961.6579895,38.2569088111926,42.5908457063349,3.67715711632798,3.14627110913066,1
LBY,"Libya",159,6568919.56184547,42.274688737342,47.5961731135173,3.38498749025412,2.29323424972569,0.930817610062893
MWI,"Malawi",10,17115273.6969841,33.6295206218942,40.6131501596605,3.3698273885158,3.43583049927526,1
RWA,"Rwanda",2,11936257.6369324,38.205599635001,41.5283179494837,3.33982060932716,2.64259371648132,1
ZWE,"Zimbabwe",34,16511938.853875,36.3283588198591,42.9629899555676,3.25283238050135,3.282740636274,1
KOR,"Republic of Korea",23,51110976.9046369,43.529982588026,53.5788709966662,3.17296204585894,4.14441834339993,1
DJI,"Djibouti",3,433428.481121063,35.882476351309,38.8924123602083,3.08312005390978,1.83405878704939,1
SWZ,"Swaziland",1,900670.240234375,37.925090812873,40.7947396921714,3.06733101536694,1.84036540547104,1
KEN,"Kenya",50,51873819.9035801,33.2328477276723,36.164139482371,2.96800740075142,2.44665241928406,0.92
BTN,"Bhutan",4,4407790.0189209,40.3664995917884,47.8102501150365,2.87164514092196,3.89574718969679,1
LSO,"Lesotho",2,1262457.37030792,38.7422036780643,41.4162210519088,2.85919191375478,2.08010946319911,1
PRK,"Democratic People's Republic of Korea",16,22937769.864296,42.1598707820618,50.97689205292,2.81808116946736,3.64742577273461,1
THA,"Thailand",52,65967543.0251408,33.1493962845528,39.9149201814249,2.79066291725038,3.6345738431463,0.730769230769231
ZAF,"South Africa",130,57802107.5767995,37.4424576528382,40.5269410665527,2.75322516464775,1.79675335178244,0.876923076923077
ERI,"Eritrea",14,5441064.65183973,37.1746622450951,40.1974285387498,2.74314145956768,2.00256024938689,0.714285714285714
BGD,"Bangladesh",16,173254031.969687,40.4186378337903,47.6167085361095,2.67152305853261,3.13630484946254,0.75
IND,"India",319,1362022018.20396,41.9584043818904,49.3514474121039,2.65976577003561,3.42242782927902,0.824451410658307
NER,"Niger",101,24757911.5834098,37.466019088736,40.5182625566828,2.60800864675907,1.77087468806914,0.97029702970297
COG,"Congo",27,9382455.94656181,34.1142388167152,38.9300908652592,2.60387426493517,1.6401494155754,0.703703703703704
MOZ,"Mozambique",88,33594813.102168,32.1364043154177,38.232236954837,2.52734234176743,2.34815616633199,0.829545454545455
ZMB,"Zambia",64,23168737.3562467,36.7668836432286,45.0756709280948,2.47419944296604,2.46413457323482,1
VNM,"Viet Nam",43,90129781.5915928,34.0168746795257,37.9700423630933,2.34731175441988,2.65515604333818,0.534883720930233
TZA,"United Republic of Tanzania",81,58142672.8529317,31.8354570890017,35.6353837678651,2.34406610837355,1.59358793709725,0.876543209876543
NPL,"Nepal",13,29480326.470386,43.4772329808744,50.5462370771897,2.28401406008425,2.63583376579025,0.769230769230769
KHM,"Cambodia",17,22077280.2265797,30.3485495899546,36.4313176788548,2.25980521871813,3.13476988337284,0.882352941176471
PAK,"Pakistan",83,198597613.215826,43.9388871329279,52.0093767253816,2.2205339887607,3.55814540057835,0.55421686746988
LKA,"Sri Lanka",13,21439157.6164143,30.3837936155919,35.870658115111,2.19593653093221,3.0040717813393,1
BWA,"Botswana",51,1798951.16998086,37.3647365448052,41.3124695488737,2.18955611090754,1.60377738133011,0.823529411764706
MRT,"Mauritania",93,4327073.09433159,33.0735424114377,36.2261583006735,2.17204713449755,1.06902872666377,0.989247311827957
TCD,"Chad",104,15515963.9200201,36.2729151692939,39.8604296681237,2.15617649105894,1.36573709543991,0.903846153846154
UZB,"Uzbekistan",49,25725324.3446979,34.7020928717191,43.2685958935742,2.1315268176321,2.39835858309609,0.142857142857143
LAO,"Lao People's Democratic Republic",20,9257344.24201202,31.5445979282952,37.4355582294203,2.10091670887654,2.6858017960849,1
UGA,"Uganda",19,43135697.9223633,35.955575492157,38.8824023143232,2.093198332666,1.58663691501465,0.789473684210526
AFG,"Afghanistan",68,43859312.5825281,38.9743008608056,46.9947693624271,2.0527084631419,2.0587918331774,0.191176470588235
NLD,"Netherlands",18,17077402.9858055,31.1470296916078,38.9918060384607,2.01327870971432,1.35123196952462,0.555555555555556
SOM,"Somalia",74,14297240.9548312,29.1240860299809,32.3502742379085,1.89143625713479,1.50182324461404,0.702702702702703
ETH,"Ethiopia",90,109480726.274632,33.4635087239647,36.8947060953305,1.86400713135821,1.40811328733318,0.8
BEL,"Belgium",14,12663713.4894562,32.6509363476483,40.7916116237619,1.85480860532899,0.926170011776249,0.642857142857143
KGZ,"Kyrgyzstan",21,9726118.00575171,38.7518272015951,47.1147023609182,1.82994146012689,2.02873788658657,0.285714285714286
TJK,"Tajikistan",14,7828741.75033331,37.1929316903878,45.6952205124132,1.81624449535376,2.06354712354567,0.0714285714285714
GRL,"Greenland",338,46450.9550001025,34.0406908058742,37.6919363744777,1.78270800418296,2.43988872405594,0.979289940828402
CYP,"Cyprus",3,1198655.31031799,43.9398163281293,49.4376280848151,1.75562555026189,0.630923859768446,0.333333333333333
MLI,"Mali",102,19644024.1116982,33.7392903456114,37.164936436741,1.72367729719409,1.17563891168127,0.970588235294118
DZA,"Algeria",221,43290238.8732533,42.3713249701944,47.1677111470491,1.72303393614239,-0.0445011143767864,0.945701357466063
NAM,"Namibia",77,2491202.68566601,35.1095828925421,39.9510459560269,1.68794308076857,0.714367803393499,0.675324675324675
MDG,"Madagascar",76,27041008.8463829,28.5164144257109,33.1452562095567,1.65045464264842,1.16553879074883,0.565789473684211
MMR,"Myanmar",70,55748236.2273116,31.6920627026424,40.5548731676995,1.57989936175191,2.47383326528292,0.657142857142857
DEU,"Germany",162,82182064.9647894,33.2762662494164,43.2747582600168,1.54560075579821,0.854496349140487,0.660493827160494
PHL,"Philippines",82,105587243.481242,28.9322910132645,33.535353212173,1.52823181657943,2.19661293286041,0.195121951219512
NGA,"Nigeria",82,201667599.102551,36.8047219391874,40.8056002051565,1.44974799165666,1.41670035522038,0.804878048780488
COD,"Democratic Republic of the Congo",191,78678655.5478071,35.5583001257827,41.8365983068208,1.33607945964776,0.825441832751886,0.581151832460733
CAN,"Canada",1847,35972668.0759292,33.7952674726256,38.791238184133,1.30324968791591,0.503852142797793,0.850027070925826
FRA,"France",81,62596999.0695918,38.8347119786989,47.1743492189143,1.25637627673708,0.174611272638926,0.666666666666667
IRN,"Iran (Islamic Republic of)",168,82355776.1697319,39.6286373152806,48.5035937209788,1.24313390170339,1.43489426751881,0.0238095238095238
MEX,"Mexico",234,131024140.226188,37.7762192053167,41.9211816822431,1.20019338494073,1.17732413005728,0.641025641025641
MAR,"Morocco",50,33889626.3058859,39.9009630067818,42.9239862411384,1.16357638806506,-0.27257707396288,0.7
AGO,"Angola",111,29316715.597449,34.4206694923706,41.1476408607567,1.14869603609405,-0.337738671711996,0.18018018018018
MYS,"Malaysia",43,30013156.7772731,29.8970619198464,32.7742056734914,1.14043153001797,0.616704512473925,0.162790697674419
ISL,"Iceland",41,331168.104446953,31.9165229543732,35.4035959949115,1.10802035773299,0.750475348422563,0.317073170731707
TLS,"Timor-Leste",3,1524002.99448395,27.2409498570219,29.8787774579959,1.01738387572759,0.660033426120388,0.333333333333333
GNB,"Guinea-Bissau",5,2609075.96892309,32.9257082069885,37.6833161339343,0.998899732963841,0.938424411809329,0.6
EGY,"Egypt",109,100772405.075963,45.3462899899184,52.0590897097152,0.980151186006537,0.496902078943053,0.724770642201835
BGR,"Bulgaria",13,6370782.23458767,32.414268220906,40.5224604230022,0.952211194697824,-0.187456299174816,0.230769230769231
YEM,"Yemen",49,28899847.9499388,33.1804230780784,36.6985792839319,0.935414670160022,-0.331119391350373,0.0612244897959184
TGO,"Togo",5,5610188.73535156,34.2567806219686,38.3479906472027,0.909276511200652,0.698796392792115,0.4
GIN,"Guinea",23,13315756.9169846,32.9564187281455,38.4672730160012,0.907824366111246,0.900379060337351,0.782608695652174
TKM,"Turkmenistan",54,7994920.48288521,30.7404097270396,37.5235428006282,0.885657534294821,0.607971446455526,0.0185185185185185
IDN,"Indonesia",360,275800697.071998,28.7806397653055,31.7322299289191,0.839565133150297,0.549797433169519,0.230555555555556
JPN,"Japan",332,124708449.908472,38.5465838056591,44.7442312833334,0.809357370056597,0.15041481095307,0.349397590361446
BFA,"Burkina Faso",23,20912556.6347656,34.3256290461162,37.7041439946781,0.783432217689015,0.395079440333784,0.0869565217391304
ARM,"Armenia",5,4210536.15912837,30.7973178661971,36.8203160889351,0.729281825977403,0.665734176442789,0
JOR,"Jordan",8,7496421.55855942,40.6928280793685,48.2079477430639,0.728420037053623,-0.48465841602794,0
GHA,"Ghana",22,32331206.3710861,32.3942246607671,35.9590055940928,0.689179128526126,0.702386582693076,0.454545454545455
PYF,"French Polynesia",27,266627.612119399,25.2727061842385,27.9211456590389,0.677150446676493,-0.273709173413,0.0740740740740741
CHE,"Switzerland",13,11384405.6422138,37.6017631910197,48.7775665927238,0.675414923492888,-0.512038664626788,0.230769230769231
ESP,"Spain",84,48261286.0267885,39.0563509266987,45.9082856145959,0.668954621061547,0.191722497764308,0.571428571428571
KAZ,"Kazakhstan",332,20138154.3107499,31.6936482920662,39.0303290572005,0.648357764132554,1.09006053285026,0.159638554216867
MLT,"Malta",1,422058.456298828,47.1748894439151,52.057204806532,0.61084591413845,-0.770704336151869,0
ISR,"Israel",3,1596185.96233564,40.6192615041201,47.789097814741,0.600499413218946,-0.731751766329935,0.333333333333333
PCN,"Pitcairn Island",3,165.663569927216,26.7617816116213,29.7632899449437,0.585242211434772,-0.187567059340064,0
SEN,"Senegal",21,18968226.7005272,32.7534303189534,36.3993918858243,0.583256543610669,-0.0697984975135407,0.857142857142857
GRC,"Greece",42,11624260.6798287,38.532675847297,47.0402997352758,0.569258490383973,-0.28495987392891,0.142857142857143
ESH,"Western Sahara",28,641930.239112568,36.2590334534631,39.0520610664611,0.567192935725567,-0.179392296026628,0.75
SLE,"Sierra Leone",8,7135983.3551178,32.022388854924,37.4109836457682,0.560402331721597,0.761654221821812,0.25
BEN,"Benin",10,10806459.8535767,34.2835134968544,37.8435375923071,0.559628217325747,0.272892867321139,0.9
GBR,"United Kingdom of Great Britain and Northern Ireland",82,66250938.5062133,31.3664973744379,36.029868343687,0.52564061460528,-0.413020885812576,0.451219512195122
TON,"Tonga",6,105386.499483109,26.1386306349819,28.7036877881715,0.495945745451842,-0.512025036953232,0
LUX,"Luxembourg",1,435555.137207031,35.2474238451033,42.9297222215075,0.478443888521838,-0.440692234833945,0
GAB,"Gabon",25,2049738.27365685,29.7443024233567,32.6891917580421,0.454108578135533,-0.520422528517861,0.48
COK,"Cook Islands",11,20645.6106987,25.8795470598447,28.6286522058178,0.449041374087292,-0.342314861560704,0
OMN,"Oman",39,4998814.86063635,36.8662899523315,41.7837762751603,0.445167089218214,0.446424815183162,0.102564102564103
NIU,"Niue",1,1617.6852273941,25.2943044373717,27.979600970688,0.439612924347147,-0.220733731693077,0
FRO,"Faroe Islands",3,48142.4396204948,36.1206591075425,39.8000355124353,0.429895924747814,0.172539297655909,0
ALB,"Albania",5,2931720.88905907,33.9504223078705,41.221889428409,0.3382856129221,-0.447242699262912,0
MKD,"The former Yugoslav Republic of Macedonia",3,2922488.90924072,30.9060008337899,39.1715574875613,0.297522708186355,-0.365698913208398,0
REU,"Réunion",2,885658.13042593,31.4146019385309,37.8256938812042,0.290459969815484,-0.033887852026298,0
CZE,"Czech Republic",10,9237489.04251862,35.973134677349,45.8643286566289,0.289657206378055,-0.64771270594138,0.1
LBR,"Liberia",12,5796499.64039993,30.0106058341657,33.7968984404935,0.279472013573458,0.36261941966403,0.25
GNQ,"Equatorial Guinea",8,967556.808973908,28.5894632532347,30.8395554684382,0.265336572033449,-0.886982393837311,0.5
TKL,"Tokelau",2,567.307434082031,20.981154453101,22.7580170038985,0.262329531215196,-0.484735418461875,0
DNK,"Denmark",16,5810691.44944763,33.8343904537554,39.4502185194757,0.258603342201732,-0.763784387041323,0.375
MUS,"Mauritius",11,1287355.00091171,29.0217856124711,34.6764506307666,0.257907109217191,-0.461569488137587,0.363636363636364
WLF,"Wallis and Futuna",2,7947.1972808838,22.5099152305621,24.6216058923531,0.256958004742223,-0.78547132855091,0
CMR,"Cameroon",37,25909571.1412492,33.2730241592958,36.9869072253449,0.210319471629517,0.309406579405987,0.135135135135135
ASM,"American Samoa",3,55799.9327087402,22.0249834567568,24.0903408811991,0.203298024134299,-0.929631498019228,0
SWE,"Sweden",101,10038273.7346874,33.6008875163265,38.98903568072,0.184071043120581,-0.397150221256449,0.277227722772277
MDV,"Maldives",14,253096.330635011,29.4977930599749,34.9886716462931,0.127245902024869,0.368423229889681,0
SAU,"Saudi Arabia",182,35579457.7336001,39.9835384613316,46.0413427281614,0.1019587178141,-0.385952413869811,0
COM,"Comoros",4,848296.942199707,28.7272070021435,33.1819518651282,0.0931680621162145,-0.93151814680707,0
QAT,"Qatar",4,2844319.31027079,47.7485989765928,56.5574972118222,0.081790526368572,1.23406548391593,0
CIV,"Côte d'Ivoire",28,24171236.4165664,30.1471728943593,33.8731860473962,0.0638901693475021,0.170166377753288,0.214285714285714
PRY,"Paraguay",34,6975149.49372387,29.1768270195768,32.3107887483882,0.0285163843253175,0.138770751245529,0
NFK,"Norfolk Island",1,2432.400390625,26.6985471837657,29.7905523012205,0.02347381728514,-0.425831906096734,0
WSM,"Samoa",4,195979.18025589,21.7061492775629,23.600127648462,0.0166085127434679,-1.11754405309728,0
BRN,"Brunei Darussalam",2,580716.887557983,26.8949038122849,29.4908539065953,-0.0599491161168192,-0.27077493877762,0.5
ARE,"United Arab Emirates",10,9206795.03234863,45.34713834956,52.6399252630951,-0.0750969902862426,0.685986723583453,0
PRT,"Portugal",24,9778900.07477278,35.5906492531305,40.7028650441156,-0.0869709794091074,-0.588922879715548,0.5
SSD,"South Sudan",51,13367673.4435263,33.9012640556025,38.5167292642801,-0.126641235268544,0.107110577633958,0.294117647058824
MNP,"Northern Mariana Islands",8,55835.3319530487,27.0425939608791,31.8077863893034,-0.150075936002618,-0.488489131966185,0
BRA,"Brazil",757,213786135.788314,28.6784575833211,31.4629419128631,-0.152716880489108,-0.15968965880253,0.262879788639366
MYT,"Mayotte",1,266184.696533203,27.0769524253719,30.8222371467211,-0.183591874893158,-1.4442881599694,0
BOL,"Bolivia (Plurinational State of)",96,11765640.3327194,26.3902136356508,29.7688644550655,-0.187803335751392,-1.20415997366456,0
POL,"Poland",46,38838529.302021,33.2319164680089,42.6873955560649,-0.189902715367352,-0.616476348006561,0.152173913043478
BMU,"Bermuda",1,60861.1372070312,36.9483796931581,41.6940311489354,-0.233378723067626,-0.187058581734825,0
NOR,"Norway",101,5345596.02097028,33.3114913424632,38.3491511221174,-0.250484487701253,-0.722403577365544,0.168316831683168
NA,"Midway Islands",3,366377.677505493,39.243085186194,44.0940536785113,-0.263873105896618,-1.31554408033402,0.333333333333333
AZE,"Azerbaijan",12,8725198.81249142,29.7906633988901,35.8997198113022,-0.265466046273908,-0.741496916307424,0
SHN,"Saint Helena",4,4004.2570066452,26.9799030334084,29.4631625405302,-0.277085812987098,-1.46491714244531,0
RUS,"Russian Federation",3111,143130686.382136,29.8098979917689,35.8003250199843,-0.294600957651845,-0.444165720952116,0.565734490517518
CYM,"Cayman Islands",2,60805.3881587982,33.3027361509438,36.4510418893379,-0.312444413421143,-0.865854772754335,0.5
IRQ,"Iraq",44,40495711.915719,40.0656761121803,50.4364351203922,-0.330380900214951,0.299463826430035,0
NCL,"New Caledonia",16,275426.504117012,24.9572624802201,27.8247637491287,-0.372180092193533,-0.986684786635169,0.0625
EST,"Estonia",12,1279256.59452954,31.9004498116431,37.7450380121505,-0.374857373435416,-0.538219930341358,0.416666666666667
USA,"United States of America",1560,334633107.343778,38.8742798704942,44.9587160998932,-0.391303231072228,-1.9893038276669,0.698717948717949
MDA,"Republic of Moldova",5,4176863.94848633,29.3193599373127,36.6488549061395,-0.396927059124294,-1.46267573735849,0
PSE,"Occupied Palestinian Territory",1,8520315.39404297,38.543201126005,46.7613315236586,-0.412416780914497,-1.84852664221831,0
SYC,"Seychelles",9,94399.141274929,25.435701781396,28.6607981667189,-0.415066203457533,-1.22191745715062,0
SYR,"Syrian Arab Republic",19,19185230.4255147,35.7573642622077,43.3141670357439,-0.440508764923122,-1.46126885659933,0
GUM,"Guam",1,178408.443847656,25.9025018899385,30.629881389204,-0.488230130924554,-0.60677266964261,0
PLW,"Palau",4,21023.2558450699,24.5290200349166,28.6406925677236,-0.505207531332772,-0.679634550100737,0
AUT,"Austria",19,8980886.92922783,36.9113944784094,46.9969427291876,-0.515969960747357,-1.16585156126243,0.368421052631579
STP,"Sao Tome and Principe",3,206658.874763489,31.8527834331005,34.6133348084111,-0.602176007305788,-1.51657593860753,0.333333333333333
TUV,"Tuvalu",7,3857.89465332031,19.1313216473645,20.4999083220158,-0.609596259240833,-1.35384826772712,0
FJI,"Fiji",21,788077.683264971,22.5005919639036,24.9387947219986,-0.610584756339824,-1.53380292430152,0.380952380952381
GEO,"Georgia",7,3390585.81398967,27.8577021759314,32.5766123963271,-0.619017888426025,-1.53383089538707,0
FIN,"Finland",76,5533668.17646563,31.5039881735575,36.8144225008656,-0.632915186103743,-1.17268884358596,0.263157894736842
FSM,"Micronesia (Federated States of)",11,84125.8117103577,22.0017842354336,26.413927584576,-0.688841214326161,-1.10693489926395,0
PER,"Peru",114,32164172.3785194,26.334099146075,29.4975787437683,-0.737591443219362,-0.78991486620215,0.701754385964912
ROU,"Romania",28,18891866.2423711,28.9731241890099,35.9447380807137,-0.751118752818308,-2.06945925938227,0.357142857142857
SVK,"Slovakia",8,6258340.0524292,35.5074746849798,44.7680799234567,-0.75951270306822,-1.68703070688266,0.125
VUT,"Vanuatu",15,270718.989219238,23.8408166492123,26.4777782178045,-0.7858058115603,-1.39086114979854,0.866666666666667
URY,"Uruguay",19,3295222.50280702,26.5217286843461,28.2848413499729,-0.801596042299932,-1.02621794557344,0.421052631578947
PNG,"Papua New Guinea",93,8743947.05056414,19.1891465338829,22.5361405498332,-0.807577577194993,-1.04967069590358,0.354838709677419
TUN,"Tunisia",21,11462655.5309772,40.8823573480855,46.3095891372561,-0.816175857062095,-3.01136652517805,0.619047619047619
ARG,"Argentina",303,45612570.7589191,26.3590447482374,29.4943568930817,-0.84452938501662,-0.692239623080349,0.580858085808581
KWT,"Kuwait",2,4031806.34749985,48.2086356022609,57.7778936921614,-0.848796892349011,0.553713584045138,0.5
NRU,"Nauru",2,10375.11328125,18.9124038197851,21.2857622224857,-0.851370077041253,-1.49653525393497,0
NZL,"New Zealand",75,4681951.98225108,23.7437193332489,26.0170782975354,-0.858239439189505,-1.48865665662094,0.6
CHL,"Chile",124,18485017.7956834,26.9546126983468,31.431381871382,-0.904502866091165,-0.386057657761301,0.758064516129032
MHL,"Marshall Islands",18,5568.38688224555,22.9771406197783,27.810504224324,-0.913367378865011,-1.33981657703666,0.888888888888889
SLV,"El Salvador",4,4962517.48028183,32.540950690156,35.4063783431916,-0.940948076932136,-1.49801518274017,0.25
IRL,"Ireland",19,4853593.15825248,30.5286136880483,34.3788799876066,-0.952460406474003,-1.358784674716,0.578947368421053
KIR,"Kiribati",26,88207.9484462738,18.7740498113405,21.5198469778768,-0.955558917815313,-1.41582262154093,0.346153846153846
CCK,"Cocos (Keeling) Islands",1,630.568824768067,24.440738820352,26.5696576982625,-0.961235687757421,-1.26548705286174,0
CXR,"Christmas Island",2,1588.54926252365,25.1715370962838,27.5732651157151,-0.976012464772359,-0.967845612358303,0.5
AUS,"Australia",812,25188477.687164,25.9511772130605,28.6343203365674,-0.979279313316192,-1.13576864961131,0.722906403940887
HTI,"Haiti",7,11010463.5500641,31.8284585617675,34.8005201865659,-0.990928449834877,-1.24813415750777,0.142857142857143
LBN,"Lebanon",3,8241607.27810669,39.6419403282318,45.4759480095348,-0.991313508588122,-1.62809526516655,0.333333333333333
HRV,"Croatia",13,5094653.39480835,37.9538486225204,47.7830234995508,-0.996474175885218,-1.48498345473552,0.538461538461538
BHS,"Bahamas",23,377532.050281197,34.5626261009449,38.5483265527789,-1.0134842398747,-1.39051956203324,0.956521739130435
FLK,"Falkland Islands (Malvinas)",12,2923.70890749712,21.9664195146846,25.8178335152284,-1.01422514840151,-0.824038783539544,0.666666666666667
CAF,"Central African Republic",49,5050386.31057644,34.3053274025177,39.7560162173791,-1.05532675311825,-1.5543534380707,0.591836734693878
HND,"Honduras",17,8858105.94061381,29.4203535738769,32.5347355593162,-1.05869378193645,-1.16599793604897,0.529411764705882
BLR,"Belarus",29,9398455.86172485,30.7475915045605,37.6446681020377,-1.06844082278251,-1.35481605524009,0.620689655172414
SLB,"Solomon Islands",27,643357.872869998,20.0264268632701,21.6135161908436,-1.10431863025908,-1.65578828890279,0.518518518518518
TUR,"Turkey",98,82297815.4559,30.3968851998438,37.9249855062969,-1.13506584662873,-2.14408171816222,0.122448979591837
BLZ,"Belize",4,763013.230194807,30.5906472563973,33.8659461097363,-1.14447158571964,-1.22562795587745,1
SVN,"Slovenia",4,1926738.18606567,42.1687686620517,51.2518569868882,-1.1551247905766,-1.56485762271202,0.5
BRB,"Barbados",2,287000.42578125,24.2450128721251,27.3497785684563,-1.16761143527132,-2.01374891602741,0.5
DOM,"Dominican Republic",10,11198408.5941925,31.4392323219355,35.2487954688502,-1.19024315730629,-1.24742767264508,0.5
JAM,"Jamaica",4,2827402.03074265,33.4487022033969,36.5438312472445,-1.20372442753969,-1.40686966829844,0.5
CPV,"Cabo Verde",7,496947.567732334,32.3869056688863,35.6991139169136,-1.21422771641259,-1.88272635871798,0.571428571428571
TCA,"Turks and Caicos Islands",3,28762.674530983,30.6107822438908,34.466257705181,-1.22628338982965,-1.06149692859246,1
CUB,"Cuba",26,11345771.3603704,34.0195879037983,37.4326344717864,-1.28470121578068,-1.80529261275168,0.961538461538462
KNA,"Saint Kitts and Nevis",1,62138.4091949463,26.4404581313805,30.4929628672451,-1.36285762221875,-1.65702456819162,0
IMN,"Isle of Man",1,80769.0782775879,31.848332123879,35.5872774612756,-1.37427661930773,-2.07318365079126,1
LTU,"Lithuania",10,2958389.13751221,29.9012070528251,36.8303176244323,-1.38248022138013,-1.28161080000458,1
LVA,"Latvia",10,2031172.05685955,31.3330861429195,36.9437111087844,-1.42796319431842,-1.83096627144707,0.6
VCT,"Saint Vincent and the Grenadines",1,106182.651672363,24.8444137096053,28.2090160613678,-1.43878439813792,-1.88298650564044,0
MTQ,"Martinique",1,327075.121246338,25.9492798726578,30.2191835289605,-1.48516950605744,-1.89182050874848,0
GLP,"Guadeloupe",3,535097.651075363,26.8187492051133,31.8578353353967,-1.48601339615369,-1.64404557068214,0.333333333333333
GRD,"Grenada",2,108876.928955078,24.8521329682653,28.0785486345461,-1.49995932043417,-2.09613732063501,0
GTM,"Guatemala",9,17900660.7100334,32.2025415771868,35.276849327111,-1.58583575421122,-2.48989978824322,0.888888888888889
VGB,"British Virgin Islands",2,2434.47683811187,26.4168063110974,30.4068642915659,-1.58875451621452,-1.82000104013758,0
MNE,"Montenegro",2,712136.099807739,37.6087456379666,44.5427126656878,-1.59868652350387,-2.4164907964037,0.5
VIR,"United States Virgin Islands",1,135914.178466797,26.0436441491761,29.405028459915,-1.61819259103632,-1.99330826119363,0
ABW,"Aruba",1,905.497802734375,26.0069806812975,30.3350223287256,-1.63217990852456,-1.69167615574659,1
ITA,"Italy",63,57075148.9012451,37.7876991940271,48.6562552574366,-1.64362947780174,-2.10961671617524,0.555555555555556
VEN,"Venezuela, Bolivarian Republic of",89,33181647.0723596,25.6337589355362,28.1791128542385,-1.68627395830662,-1.84956531091522,0.831460674157303
ANT,"Netherlands Antilles",2,181265.232448101,27.0125993823472,30.8095851064051,-1.73981729535188,-1.53568310653449,0.5
ATG,"Antigua and Barbuda",3,100365.442058563,26.7729102971031,31.4605884773199,-1.75607672431441,-2.17351199838849,0.333333333333333
LCA,"Saint Lucia",1,321138.135890961,25.2777299938943,29.2081914354707,-1.8055850671035,-2.14940868563557,0
TTO,"Trinidad and Tobago",3,1142174.56506205,24.0751068688015,26.5474942307991,-1.82544931148869,-2.37920022342505,1
PRI,"Puerto Rico",5,3684928.56940192,25.4278689500522,28.4876451530793,-1.94609142642562,-2.45248429732216,0.4
ECU,"Ecuador",32,17408092.35819,23.2591058910686,25.1437310716383,-1.94824994483026,-2.21816991268167,1
GUY,"Guyana",19,762504.331154466,21.5311292095363,23.694448143844,-2.05303200221145,-2.54492925103834,1
HUN,"Hungary",11,8419800.09414673,33.6284757802974,43.4239294084708,-2.0624206128604,-2.97639257664825,1
UKR,"Ukraine",82,43970935.0594321,26.9188838244574,33.5188773166714,-2.09360226676666,-3.12588021525922,0.524390243902439
COL,"Colombia",108,49337260.9277645,22.8588221786896,25.3469997427213,-2.15190476874199,-2.27630735543147,0.972222222222222
SUR,"Suriname",14,625169.039109178,21.8167123591609,23.8444285880822,-2.2263586543436,-2.75983723015871,1
GUF,"French Guiana",9,319443.020164132,21.7035152251133,23.6613604926852,-2.22684297706161,-2.55282220607283,1
PAN,"Panama",16,3656600.40980391,25.4514664567593,27.7079553508054,-2.33626747702055,-2.43628606374093,1
NIC,"Nicaragua",15,6589807.13920116,24.95030731339,27.756744797156,-2.89606313795607,-2.99656562420395,1
BIH,"Bosnia and Herzegovina",5,2928577.90989113,34.8083318743742,43.8021700868625,-3.17546722818054,-3.16520467449553,1
SRB,"Serbia",10,8224361.60732269,30.0460323998956,39.419465044669,-3.49769549783214,-3.92114727308448,0.7
CRI,"Costa Rica",9,5267921.3634963,22.2966980326227,24.4878514105907,-3.61150477333321,-3.8851865613747,1
