RegionSet,Region,Metric,Weighting,SlopePerDecade,pValue,StartVal,EndVal,nYears
Global,"Global",AnnualMean,area,0.780345388240236,0.000690619202469303,33.8803433480538,36.1695098437265,33
Global,"Global",AnnualMean,pop,1.7569332777054,4.76145190586997e-07,35.3819245766364,41.1255859972753,33
Global,"Global",OSDMA8,area,0.544941014124047,0.00457572348982088,36.615929041858,39.680703737494,33
Global,"Global",OSDMA8,pop,2.17508174947564,1.55428854641009e-08,38.7444830181077,46.5118188802155,33
Global,"Global",DJF,area,1.30861162211619,1.77108988823175e-05,31.0835725605819,32.5674807037965,33
Global,"Global",DJF,pop,0.76461732813924,0.0227457297654239,32.4105495224274,34.7381145075965,33
Global,"Global",MAM,area,0.85852718027982,0.00120230701629991,36.0124263385956,39.0498412258625,33
Global,"Global",MAM,pop,2.03827290596604,1.96700763943007e-06,38.0111661670972,45.4431262834594,33
Global,"Global",JJA,area,-0.0388804550892959,0.913630103640186,35.9063313997807,38.602521017424,33
Global,"Global",JJA,pop,2.11103381157521,4.04828940129894e-07,37.0855780274966,45.0049168694535,33
Global,"Global",SON,area,1.06312455051174,0.000549774569306395,32.519043093257,34.4581964278231,33
Global,"Global",SON,pop,1.96972820363078,1.00587039711757e-05,34.0204045895245,39.3161863285918,33
Global,"Global",SeasonAmp,area,-0.765700387547085,4.02535754034643e-05,6.29984446807883,9.74624573494081,33
Global,"Global",SeasonAmp,pop,0.550794986449078,0.04563224527432,6.78291380303362,14.5994744681212,33
world,"Africa",AnnualMean,area,1.95791426022476,2.29215821297896e-06,38.6326887382705,36.929132979134,33
world,"Africa",AnnualMean,pop,1.74734843520695,1.53962819682826e-05,39.0221632367367,37.1294957569228,33
world,"Africa",OSDMA8,area,1.00453922320597,0.00204658044054268,40.6659767528308,38.8888235751923,33
world,"Africa",OSDMA8,pop,1.10904241458742,0.00415082287690874,40.4331096884163,38.69545537788,33
world,"Africa",DJF,area,2.89860734098656,4.18773713996506e-06,36.5214264575128,34.5453779089048,33
world,"Africa",DJF,pop,2.21488944895502,0.000114267801497649,37.660208356823,35.0902094049668,33
world,"Africa",MAM,area,1.812947394414,2.68113085423871e-05,40.3105589213025,38.2057216881405,33
world,"Africa",MAM,pop,1.66398476598563,0.000489856079044269,40.1228133441442,37.8221779590039,33
world,"Africa",JJA,area,0.0395234311139507,0.938248014604613,40.4299218990968,38.5237529646248,33
world,"Africa",JJA,pop,0.178682041929173,0.525251735977147,40.1233593596482,38.5556395546945,33
world,"Africa",SON,area,3.04080509869146,5.59504614867215e-07,37.2688476751697,36.4416793548661,33
world,"Africa",SON,pop,2.70627566150282,3.60701779366552e-06,38.1822718863315,37.0499561090257,33
world,"Africa",SeasonAmp,area,-1.72688147367775,6.83193584432954e-05,4.33998439969423,5.32366511778876,33
world,"Africa",SeasonAmp,pop,-0.91234830576962,0.0115504432641527,2.69230313404914,4.32033855422829,33
world,"EastAsia",AnnualMean,area,2.69747387235642,1.08141933206149e-08,34.5135329272908,43.7714882261224,33
world,"EastAsia",AnnualMean,pop,3.6036703903639,3.6876348755331e-11,34.3956460055001,47.1941441852294,33
world,"EastAsia",OSDMA8,area,3.53524038894666,8.46149313370764e-11,37.9171656849658,51.1077615486575,33
world,"EastAsia",OSDMA8,pop,5.22648411074422,1.78972094706477e-12,37.3315128564628,57.1483996944943,33
world,"EastAsia",DJF,area,1.36181006892242,0.001078058940098,30.7604302609517,35.1734176285125,33
world,"EastAsia",DJF,pop,0.287386701270317,0.466468277436791,31.056865566851,33.4893275715332,33
world,"EastAsia",MAM,area,2.88248479828974,9.01317720611908e-08,39.6528328950312,51.9318850256148,33
world,"EastAsia",MAM,pop,3.83080767305218,2.09585701889447e-07,40.3931370892709,54.1950862173501,33
world,"EastAsia",JJA,area,3.95946081951951,6.88469859250442e-11,34.9579325137984,46.5827825425125,33
world,"EastAsia",JJA,pop,6.41142422915099,2.98917772911905e-11,33.2073407784878,53.9764099036174,33
world,"EastAsia",SON,area,2.6129849576652,1.00587039711757e-05,32.6829360393818,41.3978677078499,33
world,"EastAsia",SON,pop,3.83933159391819,7.70410215591385e-07,32.9252405873908,47.1157530484169,33
world,"EastAsia",SeasonAmp,area,1.83852855622171,6.51725702018777e-06,9.77912325899677,21.1588787363199,33
world,"EastAsia",SeasonAmp,pop,4.62409910557159,4.25843022212501e-10,9.82845767230456,27.4493033829853,33
world,"Europe",AnnualMean,area,-0.253735271984667,0.198430409681258,35.4133133780823,35.4833571123116,33
world,"Europe",AnnualMean,pop,-0.0801813885537812,0.698489477330232,35.5856545737761,35.3029384039097,33
world,"Europe",OSDMA8,area,-0.93461155606585,0.000305963170592225,44.2150060978982,42.4115344911025,33
world,"Europe",OSDMA8,pop,-0.907596823391741,0.00457572348982088,45.3077288054842,42.7432450624275,33
world,"Europe",DJF,area,0.780474528989037,0.000864417849300997,24.8050482321957,29.1366136711611,33
world,"Europe",DJF,pop,1.04217469450249,5.25375659516944e-05,23.7815184506386,27.2252053966942,33
world,"Europe",MAM,area,-0.46383383926321,0.158542176618928,43.0993822173861,41.2591249046202,33
world,"Europe",MAM,pop,-0.1304811619911,0.721562375988352,43.0680266051878,40.8220047686286,33
world,"Europe",JJA,area,-1.51184656195021,0.000271383941014789,45.1281940958246,42.3134654918231,33
world,"Europe",JJA,pop,-1.54300092584518,0.000864417849300997,47.3005183126977,44.0415950681567,33
world,"Europe",SON,area,0.11741564451167,0.566446141766224,28.6206289669229,29.2242243816419,33
world,"Europe",SON,pop,0.360834828479172,0.0177570704833444,28.1925549265805,29.1229483821595,33
world,"Europe",SeasonAmp,area,-1.90972788999461,3.17494213828393e-08,22.0864383850114,17.7718331655419,33
world,"Europe",SeasonAmp,pop,-2.240954259706,1.2970775054798e-08,24.2640998904492,18.7348357922049,33
world,"NorthAmerica",AnnualMean,area,0.760355035432124,0.0115504432641527,36.2508187305837,37.2533864978996,33
world,"NorthAmerica",AnnualMean,pop,-0.0439914240902105,0.792238425090491,40.0300757350111,38.1905088523544,33
world,"NorthAmerica",OSDMA8,area,0.0895495119759018,0.744891472543834,41.5769394226222,40.8946417279159,33
world,"NorthAmerica",OSDMA8,pop,-1.19008422870201,0.000188347631629846,46.8381689695056,42.2545409445924,33
world,"NorthAmerica",DJF,area,2.34411589887235,1.37554517888542e-09,29.257815734054,34.8696264632439,33
world,"NorthAmerica",DJF,pop,1.7099987421624,7.68591966977428e-10,29.9476119462588,34.3730678999548,33
world,"NorthAmerica",MAM,area,0.508424336765212,0.110505649243397,40.1764147689458,41.4853679178931,33
world,"NorthAmerica",MAM,pop,0.0465140738626297,0.840364419547018,43.3319924787227,42.0654745420265,33
world,"NorthAmerica",JJA,area,-0.771382201717653,0.04563224527432,41.4486481654184,38.318138145774,33
world,"NorthAmerica",JJA,pop,-1.89029656706758,2.33717633041908e-05,48.0191393670054,39.846148000491,33
world,"NorthAmerica",SON,area,0.890800883151928,0.019301492512039,34.1203962539164,34.3404134646874,33
world,"NorthAmerica",SON,pop,0.294687986056872,0.198430409681258,38.8215591480574,36.4773449669452,33
world,"NorthAmerica",SeasonAmp,area,-1.83194943514118,6.38926992427917e-08,14.2010793508383,10.0385316117574,33
world,"NorthAmerica",SeasonAmp,pop,-2.9158716454359,9.00774635802627e-09,19.053589282489,11.8649792331326,33
world,"Oceania",AnnualMean,area,-1.18914651853784,0.00165879292461778,28.1273829429184,28.9846140935771,33
world,"Oceania",AnnualMean,pop,0.464514983216759,0.271287115782941,31.2964366282896,27.7134735931183,33
world,"Oceania",OSDMA8,area,-1.10390077186733,0.00278592590125947,29.1937698930741,29.9126025571558,33
world,"Oceania",OSDMA8,pop,-0.186553805311687,0.50524509057667,31.8035742056102,28.2817171226463,33
world,"Oceania",DJF,area,-0.586574105367853,0.13284986695975,26.9601484942158,27.5590585566499,33
world,"Oceania",DJF,pop,1.20437805919211,0.0337761030599866,30.6431958028323,26.9770937377437,33
world,"Oceania",MAM,area,-1.23296790881787,0.0209620396487754,28.2578004183105,28.965686008237,33
world,"Oceania",MAM,pop,-0.260773353887203,0.744891472543834,31.3872585042913,27.7090681709859,33
world,"Oceania",JJA,area,-2.13335222577977,0.000212926603346979,28.9267770823946,30.1377624435492,33
world,"Oceania",JJA,pop,-0.783525094725781,0.019301492512039,31.7536345030343,28.3368997144278,33
world,"Oceania",SON,area,-0.565909114758898,0.344577618849168,28.3648057767526,29.2759493658722,33
world,"Oceania",SON,pop,0.81385089493189,0.232842046793915,31.4016577030004,27.8308327493158,33
world,"Oceania",SeasonAmp,area,-0.5187330283922,0.285018089702691,1.97126024783662,2.74840706460108,33
world,"Oceania",SeasonAmp,pop,-1.15285458122225,0.0246598560232906,1.11364409497868,1.67752757328526,33
world,"Russia",AnnualMean,area,0.798634240616904,0.016322031350919,34.0784120653588,39.3331508875404,33
world,"Russia",AnnualMean,pop,-0.492169822299848,0.344577618849168,33.252063246964,39.0836445599044,33
world,"Russia",OSDMA8,area,1.00779868232997,0.00227019888477217,34.7857417525917,42.8022524609154,33
world,"Russia",OSDMA8,pop,-0.411713078912361,0.609130070083629,34.1403853261973,43.3845200221603,33
world,"Russia",DJF,area,1.27807084994567,0.00227019888477217,33.5190013018059,35.7726209099999,33
world,"Russia",DJF,pop,-0.213362477948164,0.653187872435472,32.193338843865,34.1349553276185,33
world,"Russia",MAM,area,1.11221866376034,0.0312618727768783,35.0007065518391,42.6791643222913,33
world,"Russia",MAM,pop,-0.67407202039535,0.545656108406517,34.7563957645761,42.3347843201683,33
world,"Russia",JJA,area,0.611657760083463,0.285018089702691,34.1473403344838,42.1110541336562,33
world,"Russia",JJA,pop,-0.118228182038588,0.840364419547018,33.4752959805977,43.7509891953678,33
world,"Russia",SON,area,0.616761414988385,0.0527696019690178,33.6466000733062,36.7697641842141,33
world,"Russia",SON,pop,-0.770552671235049,0.0854542915250918,32.5832223988171,36.113849396463,33
world,"Russia",SeasonAmp,area,-0.00927926539537438,0.98763774198715,1.51601603868237,8.53332258793982,33
world,"Russia",SeasonAmp,pop,-0.522495211347819,0.299211561149184,2.57908098714979,10.5592619566211,33
world,"SouthAmerica",AnnualMean,area,-0.857638200978264,0.00735049297274731,24.2772643784392,24.500885815512,33
world,"SouthAmerica",AnnualMean,pop,-0.773759514377476,0.0289099558964199,24.6032674813323,25.5247798396602,33
world,"SouthAmerica",OSDMA8,area,-1.20546629828892,0.00503964546299977,25.4960815007137,26.8968886548047,33
world,"SouthAmerica",OSDMA8,pop,-0.925005800280256,0.00609713991778455,26.7399369206435,27.5255298921612,33
world,"SouthAmerica",DJF,area,-0.777792486783487,0.0364612689030847,25.0165089140558,21.6282040623764,33
world,"SouthAmerica",DJF,pop,-0.863836590918169,0.0209620396487754,25.0607147895364,23.5155005758035,33
world,"SouthAmerica",MAM,area,-0.136402208176539,0.816214775108135,24.4194680295264,24.6309246283137,33
world,"SouthAmerica",MAM,pop,-0.583655002816424,0.232842046793915,24.8855473082548,25.7057107897479,33
world,"SouthAmerica",JJA,area,-1.34646371688029,0.0105707340667196,23.7581124980057,26.9517262649365,33
world,"SouthAmerica",JJA,pop,-0.952160902717548,0.0566745027339212,24.1597460054831,27.2584415043516,33
world,"SouthAmerica",SON,area,-0.883654015354432,0.0267119853796748,23.9149680721689,24.7926883064217,33
world,"SouthAmerica",SON,pop,-0.599383374410235,0.18783021842731,24.3070618220549,25.6194664887376,33
world,"SouthAmerica",SeasonAmp,area,-0.221081340249876,0.630995039917305,1.54214275205652,7.85551451421197,33
world,"SouthAmerica",SeasonAmp,pop,0.467812741827377,0.110505649243397,1.26642183087075,6.85115411055639,33
world,"SouthCentralAsia",AnnualMean,area,2.11419084584174,0.000549774569306395,36.0335523670911,44.9121766843756,33
world,"SouthCentralAsia",AnnualMean,pop,2.54632947237005,0.000166454269371619,35.3971414479435,48.4046197201305,33
world,"SouthCentralAsia",OSDMA8,area,2.67777098786933,0.000129651352166492,37.5465690436814,50.8280712075203,33
world,"SouthCentralAsia",OSDMA8,pop,3.37025324641661,1.33718441473138e-05,38.2784251495424,54.3309839488335,33
world,"SouthCentralAsia",DJF,area,0.938079949810443,0.177653910670923,35.97627348672,37.7666407141096,33
world,"SouthCentralAsia",DJF,pop,0.509550779328833,0.429402189834349,35.3398625675723,41.88065882108,33
world,"SouthCentralAsia",MAM,area,2.67901414784987,0.000344635334024313,36.0754128388003,49.0325461113407,33
world,"SouthCentralAsia",MAM,pop,3.4454547267141,5.25375659516944e-05,35.4390019196527,54.4099776393817,33
world,"SouthCentralAsia",JJA,area,2.80699503125833,0.000616464290766005,36.0938969895762,50.9576503520839,33
world,"SouthCentralAsia",JJA,pop,4.07626209108954,0.000129651352166492,35.4574860704286,52.8836125800103,33
world,"SouthCentralAsia",SON,area,1.88893035458565,0.0115504432641527,35.988626153268,41.8918695599684,33
world,"SouthCentralAsia",SON,pop,1.84309298757842,0.016322031350919,35.3522152341204,44.4442298400502,33
world,"SouthCentralAsia",SeasonAmp,area,0.455447998955134,0.485647247096389,0.117623502856224,15.1140092585628,33
world,"SouthCentralAsia",SeasonAmp,pop,0.747421475566434,0.158542176618928,0.117623502856224,14.4606129813803,33
areacode,"CONUS",AnnualMean,area,-0.090748039465489,0.630995039917305,40.4631479323424,39.8416626094503,33
areacode,"CONUS",AnnualMean,pop,-0.263287200389156,0.220930121261474,40.6745579425728,39.4370791498752,33
areacode,"CONUS",OSDMA8,area,-1.14199947125291,0.00184333825617578,47.377085589331,44.3421879145544,33
areacode,"CONUS",OSDMA8,pop,-1.72076122557197,8.71198100904595e-06,48.8048147374634,44.3521225799747,33
areacode,"CONUS",DJF,area,1.97542237870885,2.85921518305903e-10,30.5010112081322,35.2312372641663,33
areacode,"CONUS",DJF,pop,2.16211913856882,1.27451865212556e-10,28.854812448181,33.8694847659637,33
areacode,"CONUS",MAM,area,-0.0813030070639525,0.889094789838643,44.0919804880678,44.0924470862715,33
areacode,"CONUS",MAM,pop,-0.0862606472782524,0.721562375988352,43.8399179701173,43.5057677700019,33
areacode,"CONUS",JJA,area,-1.969738707884,0.000240494138287912,48.7790434783334,42.9723030109595,33
areacode,"CONUS",JJA,pop,-2.81051301050184,2.29215821297896e-06,50.9781085697383,43.4807516463082,33
areacode,"CONUS",SON,area,0.119276156174323,0.721562375988352,38.4805565548362,37.0706630764038,33
areacode,"CONUS",SON,pop,0.195927908727431,0.653187872435472,39.0253927822546,36.8923124172269,33
areacode,"CONUS",SeasonAmp,area,-2.98111708874107,3.17494213828393e-08,18.8246045672102,11.8597025450372,33
areacode,"CONUS",SeasonAmp,pop,-4.09664356545322,4.29576404435805e-09,22.5975547518769,13.4063142717269,33
areacode,"Europe",AnnualMean,area,-0.247368267976253,0.209461543340503,35.4145360041425,35.484624412889,33
areacode,"Europe",AnnualMean,pop,-0.0801624188553421,0.698489477330232,35.5856570914513,35.302945333469,33
areacode,"Europe",OSDMA8,area,-0.934387685056397,0.000305963170592225,44.2027353461122,42.4023070657312,33
areacode,"Europe",OSDMA8,pop,-0.907570520180002,0.00457572348982088,45.3076586565392,42.7431984052817,33
areacode,"Europe",DJF,area,0.769392863031612,0.00077299581288899,24.8272469879839,29.1583067940925,33
areacode,"Europe",DJF,pop,1.04215508455527,5.25375659516944e-05,23.7816316611302,27.2253273871221,33
areacode,"Europe",MAM,area,-0.460810528894415,0.149590225739468,43.095923377391,41.2566561549808,33
areacode,"Europe",MAM,pop,-0.130400203818306,0.721562375988352,43.0680102688877,40.8219984363275,33
areacode,"Europe",JJA,area,-1.50875031866318,0.000271383941014789,45.1055569177073,42.2876333094934,33
areacode,"Europe",JJA,pop,-1.54298196376196,0.000864417849300997,47.3003871080237,44.0414544686731,33
areacode,"Europe",SON,area,0.110608653043456,0.545656108406517,28.6294167334877,29.2359013929893,33
areacode,"Europe",SON,pop,0.360868324732052,0.0177570704833444,28.1925993277635,29.1230010417534,33
areacode,"Europe",SeasonAmp,area,-1.90764634397013,3.17494213828393e-08,22.053844739578,17.744845291309,33
areacode,"Europe",SeasonAmp,pop,-2.24092252396222,1.2970775054798e-08,24.2639247524943,18.7347025446192,33
areacode,"EastAsia",AnnualMean,area,2.62488535573898,6.23219799272631e-09,34.7066917064214,43.2802760923807,33
areacode,"EastAsia",AnnualMean,pop,3.63994314986649,2.98917772911905e-11,34.4161400601508,47.3545591315591,33
areacode,"EastAsia",OSDMA8,area,3.28251165065768,1.0389645662239e-10,38.057824803595,50.735896389707,33
areacode,"EastAsia",OSDMA8,pop,5.27784006578699,1.78972094706477e-12,37.3806422337747,57.4339782938285,33
areacode,"EastAsia",DJF,area,1.36321162977656,0.000387843377480867,30.9351463195714,34.6019601632185,33
areacode,"EastAsia",DJF,pop,0.254785619703971,0.485647247096389,31.0242323314661,33.4011461163383,33
areacode,"EastAsia",MAM,area,2.72354084644896,1.26673315942411e-07,39.9805212147264,51.5696391324787,33
areacode,"EastAsia",MAM,pop,3.86721936677464,2.91826393135162e-07,40.5105150038647,54.3579016389123,33
areacode,"EastAsia",JJA,area,3.85689007513768,1.91254914475196e-10,35.141904791418,46.4685954440457,33
areacode,"EastAsia",JJA,pop,6.52231131960003,2.42073283158953e-11,33.2109812027586,54.3950103111643,33
areacode,"EastAsia",SON,area,2.39783199436901,5.62908132930894e-06,32.7691944999698,40.4809096297798,33
areacode,"EastAsia",SON,pop,3.87369819444003,5.59504614867215e-07,32.9188317025138,47.2641784598216,33
areacode,"EastAsia",SeasonAmp,area,1.66900686521626,1.00587039711757e-05,9.89046885926998,20.9427875240495,33
areacode,"EastAsia",SeasonAmp,pop,4.63756658445074,5.18966415230991e-10,9.98619443792815,27.6334947579989,33
GBD,"Asia Pacific, High Income",AnnualMean,area,1.02015876766799,0.0267119853796748,34.8004778778062,42.0708695622496,33
GBD,"Asia Pacific, High Income",AnnualMean,pop,1.4867638741452,3.5186355826337e-05,34.9653163422558,43.4430179179088,33
GBD,"Asia Pacific, High Income",OSDMA8,area,0.495054699003907,0.394107148810076,41.2740049900141,47.4117044110386,33
GBD,"Asia Pacific, High Income",OSDMA8,pop,1.31860535251038,0.00133966963283022,41.1251942770307,49.5115534861402,33
GBD,"Asia Pacific, High Income",DJF,area,1.01486985961402,0.000387843377480867,26.688428100488,37.1179043448418,33
GBD,"Asia Pacific, High Income",DJF,pop,1.07031144937135,0.000549774569306395,27.0195438038294,36.6603028599545,33
GBD,"Asia Pacific, High Income",MAM,area,1.22296806222583,0.0747724793244242,42.9451502130091,53.9083155585176,33
GBD,"Asia Pacific, High Income",MAM,pop,2.20718459790019,0.000188347631629846,43.2864186411428,55.437111865084,33
GBD,"Asia Pacific, High Income",JJA,area,-0.164589035372557,0.792238425090491,38.4831473517192,38.9263562605356,33
GBD,"Asia Pacific, High Income",JJA,pop,0.707035725571631,0.167893912385478,38.2623282592587,41.9233202269314,33
GBD,"Asia Pacific, High Income",SON,area,0.988490995122906,0.0527696019690178,31.0851858460082,38.3309020851036,33
GBD,"Asia Pacific, High Income",SON,pop,1.31498820665847,0.001078058940098,31.2929746647924,39.7513367196654,33
GBD,"Asia Pacific, High Income",SeasonAmp,area,-0.73601301197206,0.0490921578899666,18.8911108812371,17.6943542835814,33
GBD,"Asia Pacific, High Income",SeasonAmp,pop,0.367081050816652,0.394107148810076,18.5372683961995,19.3384282924371,33
GBD,"Asia, Central",AnnualMean,area,1.42162518735845,0.0854542915250918,34.9082769529808,43.8926696372961,33
GBD,"Asia, Central",AnnualMean,pop,1.46050658443254,0.177653910670923,36.3139087660802,43.8314851396801,33
GBD,"Asia, Central",OSDMA8,area,1.7103248532483,0.0289099558964199,35.070530697439,51.273249141246,33
GBD,"Asia, Central",OSDMA8,pop,1.44684407257403,0.149590225739468,36.4968908553014,51.1970492834122,33
GBD,"Asia, Central",DJF,area,1.06662843460306,0.328991127955215,34.7607495993216,34.205016086585,33
GBD,"Asia, Central",DJF,pop,1.20390119305501,0.360627341988798,36.1127302056017,34.0933704083895,33
GBD,"Asia, Central",MAM,area,1.65569128607386,0.0227457297654239,35.0670885373281,47.1474557155677,33
GBD,"Asia, Central",MAM,pop,1.4880808604824,0.232842046793915,36.4617195278019,46.4838300833884,33
GBD,"Asia, Central",JJA,area,2.44203926226102,0.0246598560232906,34.9875362324361,53.3498306534146,33
GBD,"Asia, Central",JJA,pop,2.14299512649548,0.110505649243397,36.47751965011,53.680059669638,33
GBD,"Asia, Central",SON,area,1.33574609600664,0.0973372165845922,34.8177334428375,40.8683760936172,33
GBD,"Asia, Central",SON,pop,1.49070536065031,0.360627341988798,36.2036656808072,41.0686803973044,33
GBD,"Asia, Central",SeasonAmp,area,0.0295458947537561,0.938248014604613,0.326560773267841,19.1678911862085,33
GBD,"Asia, Central",SeasonAmp,pop,-0.505563374678691,0.50524509057667,0.367182971891254,19.6750011460909,33
GBD,"Asia, East",AnnualMean,area,4.01376075134291,2.85921518305903e-10,34.2403636933814,46.4455306636682,33
GBD,"Asia, East",AnnualMean,pop,3.91213280399115,1.58310866378123e-11,34.3510793393126,48.0476493621111,33
GBD,"Asia, East",OSDMA8,area,5.25045832923699,2.78871886175019e-12,36.4928052878664,54.9146912080573,33
GBD,"Asia, East",OSDMA8,pop,5.64720349418759,1.1442680249357e-12,36.9464845635186,58.7990348255854,33
GBD,"Asia, East",DJF,area,1.28943583697918,0.0312618727768783,32.7122965507474,35.7292958224948,33
GBD,"Asia, East",DJF,pop,0.101152964966089,0.721562375988352,31.5133166489924,33.0835348338709,33
GBD,"Asia, East",MAM,area,4.3595095891653,3.56147620485774e-09,37.2973307600475,52.6275808963902,33
GBD,"Asia, East",MAM,pop,4.07563367070602,1.77367438021322e-07,40.1756372312221,54.4243780093312,33
GBD,"Asia, East",JJA,area,6.38363458490404,6.69469905503211e-12,33.4881036546627,53.2307136152375,33
GBD,"Asia, East",JJA,pop,7.35381222406089,8.31360842217378e-12,32.5913867754239,56.423456361338,33
GBD,"Asia, East",SON,area,3.91267404843422,1.2361644734904e-06,33.4637238080679,44.1945323205505,33
GBD,"Asia, East",SON,pop,4.08568947500267,4.76145190586997e-07,33.1239767016117,48.2592282439045,33
GBD,"Asia, East",SeasonAmp,area,3.07792646039001,2.47425904509404e-07,4.74639257209814,22.2481455320693,33
GBD,"Asia, East",SeasonAmp,pop,5.18540985267654,4.25843022212501e-10,8.94927908416797,28.9529872791071,33
GBD,"Asia, South",AnnualMean,area,2.27657571728875,0.00149138529390437,35.8182065765061,48.1745456343715,33
GBD,"Asia, South",AnnualMean,pop,2.78505202647326,0.000114267801497649,35.2473362476024,49.4617136038202,33
GBD,"Asia, South",OSDMA8,area,3.04826707958395,0.000305963170592225,38.2369903104081,54.0798309439105,33
GBD,"Asia, South",OSDMA8,pop,3.60990800660212,1.16029056263616e-05,38.4875993879098,55.3324364045169,33
GBD,"Asia, South",DJF,area,0.891787237407133,0.158542176618928,35.7609276961349,41.5149166896119,33
GBD,"Asia, South",DJF,pop,0.50191922511683,0.587608794610294,35.1900573672313,43.1009675594843,33
GBD,"Asia, South",MAM,area,3.43635252382678,0.000271383941014789,35.8600670482152,53.5500651978794,33
GBD,"Asia, South",MAM,pop,3.47737172215814,4.02535754034643e-05,35.2891967193116,55.8175686796755,33
GBD,"Asia, South",JJA,area,3.09931983371687,0.00415082287690874,35.8785511989911,53.2293072219517,33
GBD,"Asia, South",JJA,pop,4.24069236844549,0.000166454269371619,35.3076808700875,53.629064279736,33
GBD,"Asia, South",SON,area,1.60157732623735,0.0527696019690178,35.773280362683,44.4038934280428,33
GBD,"Asia, South",SON,pop,1.84305091324994,0.0267119853796748,35.2024100337793,45.2992538963851,33
GBD,"Asia, South",SeasonAmp,area,0.498873103459756,0.344577618849168,0.117623502856224,14.6068641018535,33
GBD,"Asia, South",SeasonAmp,pop,0.770556419751196,0.198430409681258,0.117623502856224,14.0635061840367,33
GBD,"Asia, Southeast",AnnualMean,area,0.599638042385641,0.245202584024502,33.491288607037,34.9616127309333,33
GBD,"Asia, Southeast",AnnualMean,pop,1.60098020748144,0.00149138529390437,33.4646434168162,31.8143218196643,33
GBD,"Asia, Southeast",OSDMA8,area,0.462961282730831,0.313869027025312,34.0849297094689,35.9868069965905,33
GBD,"Asia, Southeast",OSDMA8,pop,1.65230082664119,0.000965781172646131,34.0313961961866,32.8884860289493,33
GBD,"Asia, Southeast",DJF,area,1.70174972617975,0.00278592590125947,33.3391783365417,35.3886465221813,33
GBD,"Asia, Southeast",DJF,pop,2.41821611496088,2.03547486879309e-05,33.2276516180261,32.145512089161,33
GBD,"Asia, Southeast",MAM,area,0.463103510477263,0.545656108406517,33.7885741369524,37.1657256144575,33
GBD,"Asia, Southeast",MAM,pop,1.37553393533797,0.0126099032105697,34.1480604170375,34.3593089024629,33
GBD,"Asia, Southeast",JJA,area,-0.191318805719346,0.675691864504396,33.4242807262775,31.5633568605035,33
GBD,"Asia, Southeast",JJA,pop,0.487581131767478,0.411530151089264,33.162494079988,27.9277317857207,33
GBD,"Asia, Southeast",SON,area,0.187262695014098,0.744891472543834,33.4131212283765,35.7287219265907,33
GBD,"Asia, Southeast",SON,pop,1.66489096255038,0.0289099558964199,33.3203675522134,32.8247345013124,33
GBD,"Asia, Southeast",SeasonAmp,area,-0.427139543682576,0.313869027025312,0.522362372911196,6.86321607042308,33
GBD,"Asia, Southeast",SeasonAmp,pop,0.497951082917593,0.313869027025312,1.12094982016828,7.55874492687501,33
GBD,"Australasia",AnnualMean,area,-1.16967280542818,0.00457572348982088,26.4085887195782,26.3256894597768,33
GBD,"Australasia",AnnualMean,pop,-0.970700857183864,0.0227457297654239,26.162644116727,24.3619610800782,33
GBD,"Australasia",OSDMA8,area,-1.33538057096784,0.0137545062034267,27.9586263194588,27.663518763959,33
GBD,"Australasia",OSDMA8,pop,-1.24969081525188,0.00251600029295694,28.582048154979,26.9602712099503,33
GBD,"Australasia",DJF,area,-1.06810225263886,0.016322031350919,24.7089160087678,24.1925721478138,33
GBD,"Australasia",DJF,pop,-1.3526477051459,0.0149899078872401,22.9872522056556,20.137945518068,33
GBD,"Australasia",MAM,area,-1.34076616598171,0.00966564190253341,26.5791520079292,26.2724992530957,33
GBD,"Australasia",MAM,pop,-0.826297002858019,0.016322031350919,26.4606594488819,24.186772108045,33
GBD,"Australasia",JJA,area,-2.265892386396,0.00340663194491886,27.5659451020719,28.0532480490437,33
GBD,"Australasia",JJA,pop,-1.81872899864244,0.000489856079044269,28.2993513119588,27.7576682151847,33
GBD,"Australasia",SON,area,-0.55099352816315,0.566446141766224,26.7803417595437,26.7844383891538,33
GBD,"Australasia",SON,pop,0.0510641380979154,0.96292509372887,26.9033135004115,25.365458479015,33
GBD,"Australasia",SeasonAmp,area,0.0582027231909472,0.840364419547018,2.86379600922283,3.91495167722978,33
GBD,"Australasia",SeasonAmp,pop,0.0508368228156963,0.938248014604613,5.32886343263425,7.6320750437764,33
GBD,"Caribbean",AnnualMean,area,-1.35364657877045,0.00120230701629991,31.1712500525193,28.6606009627811,33
GBD,"Caribbean",AnnualMean,pop,-1.19668164198399,0.0149899078872401,33.2986579237754,29.299294738527,33
GBD,"Caribbean",OSDMA8,area,-1.55401244608233,0.00077299581288899,33.9352660939781,30.5434402005579,33
GBD,"Caribbean",OSDMA8,pop,-1.41308874837726,0.00554568623017398,35.9086534786724,31.4511776103376,33
GBD,"Caribbean",DJF,area,-0.877957740995242,0.0698555329605745,29.8692425983605,32.7504753765338,33
GBD,"Caribbean",DJF,pop,-0.777711530593314,0.0912403235547255,30.8989685669996,33.833974734922,33
GBD,"Caribbean",MAM,area,-1.74009563677061,0.00133966963283022,34.1367698848426,29.7340502734152,33
GBD,"Caribbean",MAM,pop,-1.90658297263373,0.00308205888886305,37.3757263090007,30.4187547086307,33
GBD,"Caribbean",JJA,area,-1.548351451581,0.000100617657011221,30.0985199572695,24.4620325200441,33
GBD,"Caribbean",JJA,pop,-1.23467514421216,0.00415082287690874,31.9704429204813,24.6609967733439,33
GBD,"Caribbean",SON,area,-1.28171816348671,0.0126099032105697,30.5804677696047,27.6958456811311,33
GBD,"Caribbean",SON,pop,-0.814509346981778,0.110505649243397,32.9494938986201,28.2834527372115,33
GBD,"Caribbean",SeasonAmp,area,-0.332323910206676,0.245202584024502,8.04916660093066,8.59840329394976,33
GBD,"Caribbean",SeasonAmp,pop,-0.760170925341663,0.0364612689030847,7.51774568523647,9.40138042817126,33
GBD,"Europe, Central",AnnualMean,area,-0.894671313705829,0.0267119853796748,39.5446194297489,36.8868103775341,33
GBD,"Europe, Central",AnnualMean,pop,-0.597222557609959,0.141029193532816,39.18685606877,36.0665643306099,33
GBD,"Europe, Central",OSDMA8,area,-1.54242419683542,0.00457572348982088,50.93263454054,46.2409424688889,33
GBD,"Europe, Central",OSDMA8,pop,-1.35922938156036,0.0137545062034267,50.7591810516769,45.7419896622522,33
GBD,"Europe, Central",DJF,area,0.0625055335328823,0.889094789838643,25.1569928556632,26.7169905485545,33
GBD,"Europe, Central",DJF,pop,0.183910552644688,0.525251735977147,24.5678283717664,26.0823654562321,33
GBD,"Europe, Central",MAM,area,-0.910087960573297,0.0912403235547255,48.0007523936866,43.7128845689272,33
GBD,"Europe, Central",MAM,pop,-0.633024860137872,0.344577618849168,47.7036401942449,43.0087716318119,33
GBD,"Europe, Central",JJA,area,-1.93004810201314,0.00227019888477217,53.8163986223389,48.4646251643396,33
GBD,"Europe, Central",JJA,pop,-1.71543200150114,0.016322031350919,53.7777458676783,48.1935431722693,33
GBD,"Europe, Central",SON,area,-0.415165006125567,0.285018089702691,31.2043338473068,28.652741228315,33
GBD,"Europe, Central",SON,pop,-0.451373838310141,0.258016317946144,30.6982098413904,26.9815770621262,33
GBD,"Europe, Central",SeasonAmp,area,-2.19244468423107,5.25375659516944e-05,28.7011957332087,23.0407382302337,33
GBD,"Europe, Central",SeasonAmp,pop,-2.05693167348257,0.000436072983127211,29.2401810104648,23.6181468113067,33
GBD,"Europe, Eastern",AnnualMean,area,0.614400243625804,0.0652071742194062,34.2497957902394,38.181031082811,33
GBD,"Europe, Eastern",AnnualMean,pop,-0.826664226152671,0.13284986695975,34.7601932214429,35.4404111711084,33
GBD,"Europe, Eastern",OSDMA8,area,0.772518991439728,0.0364612689030847,35.8567882553268,41.8334465545664,33
GBD,"Europe, Eastern",OSDMA8,pop,-1.12008932123114,0.0747724793244242,39.4606200492277,40.6448946645659,33
GBD,"Europe, Eastern",DJF,area,1.15046229281204,0.00278592590125947,32.523224175399,34.7751057333278,33
GBD,"Europe, Eastern",DJF,pop,-0.31163881401328,0.630995039917305,28.8327418527435,30.3904372772671,33
GBD,"Europe, Eastern",MAM,area,0.912426904254659,0.0527696019690178,36.3159813508174,42.0462193570365,33
GBD,"Europe, Eastern",MAM,pop,-0.827446918500228,0.394107148810076,40.3352049035346,40.2427521792652,33
GBD,"Europe, Eastern",JJA,area,0.0976761399132497,0.698489477330232,35.0287335061435,40.9056557214146,33
GBD,"Europe, Eastern",JJA,pop,-1.51054336470423,0.0209620396487754,38.567497890516,40.7662298797616,33
GBD,"Europe, Eastern",SON,area,0.563469508347462,0.13284986695975,33.1312441285977,34.9971435194651,33
GBD,"Europe, Eastern",SON,pop,-0.593367324643984,0.220930121261474,31.3053282389774,30.3622253481399,33
GBD,"Europe, Eastern",SeasonAmp,area,-0.259020697994411,0.698489477330232,3.89681539193964,9.13511837366048,33
GBD,"Europe, Eastern",SeasonAmp,pop,-1.46479683420487,0.0105707340667196,11.7129344870487,12.7827324502566,33
GBD,"Europe, Western",AnnualMean,area,0.253758051071564,0.141029193532816,34.432526198454,36.9450854717264,33
GBD,"Europe, Western",AnnualMean,pop,0.588947852343947,0.0149899078872401,33.709450946444,37.0708131615786,33
GBD,"Europe, Western",OSDMA8,area,-0.440500758399494,0.04563224527432,42.895690338052,43.6270349265529,33
GBD,"Europe, Western",OSDMA8,pop,-0.222454705285584,0.466468277436791,43.5018293666347,44.8345306865531,33
GBD,"Europe, Western",DJF,area,1.3877004119479,4.76145190586997e-07,24.7221868481377,31.3679311561155,33
GBD,"Europe, Western",DJF,pop,1.5417974051447,1.2361644734904e-06,22.2891322192144,28.6042285262902,33
GBD,"Europe, Western",MAM,area,0.0912443919167556,0.630995039917305,41.633408105122,42.6853005973564,33
GBD,"Europe, Western",MAM,pop,0.650586768809456,0.0227457297654239,40.7039679669467,42.7798182522509,33
GBD,"Europe, Western",JJA,area,-0.992831266650318,0.00340663194491886,43.8158527734287,42.865630913597,33
GBD,"Europe, Western",JJA,pop,-0.858903105646799,0.125042727392621,45.8998332880936,46.4334830415593,33
GBD,"Europe, Western",SON,area,0.614387382114899,0.0209620396487754,27.5586570671278,30.8614792198366,33
GBD,"Europe, Western",SON,pop,1.00704253630197,0.000690619202469303,25.9448703115214,30.4657228262139,33
GBD,"Europe, Western",SeasonAmp,area,-1.59987831270701,6.56847427066009e-07,21.2523684592428,17.3774135533504,33
GBD,"Europe, Western",SeasonAmp,pop,-1.9105576197033,3.60701779366552e-06,24.3578504513362,19.6361097489747,33
GBD,"Latin America, Andean",AnnualMean,area,-1.06091037521355,0.0137545062034267,26.141622751464,23.4167848523211,33
GBD,"Latin America, Andean",AnnualMean,pop,-1.04024484104717,0.00278592590125947,27.6659435471623,23.2755088232048,33
GBD,"Latin America, Andean",OSDMA8,area,-1.66773902898659,0.00340663194491886,26.3340774929993,26.475297128092,33
GBD,"Latin America, Andean",OSDMA8,pop,-1.28870999787762,0.00340663194491886,27.7765587911763,25.8231481827764,33
GBD,"Latin America, Andean",DJF,area,-0.0656447972049083,0.96292509372887,26.098267904835,18.2783735589263,33
GBD,"Latin America, Andean",DJF,pop,-0.896381647069906,0.0490921578899666,27.6090706414977,18.9499991079027,33
GBD,"Latin America, Andean",MAM,area,-0.154389609426953,0.840364419547018,26.1826395746771,23.822219789744,33
GBD,"Latin America, Andean",MAM,pop,-0.955433197460546,0.0227457297654239,27.7077794211179,23.6229843136761,33
GBD,"Latin America, Andean",JJA,area,-1.78848389281778,0.00308205888886305,26.1933746579596,27.5061886440795,33
GBD,"Latin America, Andean",JJA,pop,-1.02828401073642,0.0267119853796748,27.7260376369773,26.6570219331228,33
GBD,"Latin America, Andean",SON,area,-1.64297318345191,0.016322031350919,26.0922088683843,24.0603574165344,33
GBD,"Latin America, Andean",SON,pop,-0.877847369677116,0.103755505970461,27.6208864890564,23.8720299381174,33
GBD,"Latin America, Andean",SeasonAmp,area,-1.43288498607086,0.00227019888477217,0.139144377641577,9.23106836489662,33
GBD,"Latin America, Andean",SeasonAmp,pop,-0.668604310210383,0.0490921578899666,0.118250974103892,7.71431305262827,33
GBD,"Latin America, Central",AnnualMean,area,-0.951766583253784,0.00204658044054268,35.0924712485636,31.6812448260035,33
GBD,"Latin America, Central",AnnualMean,pop,-0.373006965768649,0.18783021842731,36.6367023884875,32.7299245947648,33
GBD,"Latin America, Central",OSDMA8,area,-1.0629382809004,0.000436072983127211,38.3041665324226,33.7179606042711,33
GBD,"Latin America, Central",OSDMA8,pop,-0.500332273900621,0.0423801207950514,40.1713110299643,34.5763091636525,33
GBD,"Latin America, Central",DJF,area,-0.533455925212599,0.0799685408061806,31.9289977969511,32.4544515918816,33
GBD,"Latin America, Central",DJF,pop,-0.290288282334313,0.313869027025312,32.3030146709302,33.289130245442,33
GBD,"Latin America, Central",MAM,area,-1.1891732302995,0.00376203496866912,37.6398502612473,34.1321480415935,33
GBD,"Latin America, Central",MAM,pop,-0.541154055629587,0.149590225739468,39.3199959815692,35.4176978261946,33
GBD,"Latin America, Central",JJA,area,-1.04670694705047,0.00077299581288899,36.3877936636558,29.1746955885282,33
GBD,"Latin America, Central",JJA,pop,-0.231420661498736,0.411530151089264,38.6114958113041,29.3753496389812,33
GBD,"Latin America, Central",SON,area,-0.763720118699008,0.00669750518917584,34.4132432724003,30.9636840820107,33
GBD,"Latin America, Central",SON,pop,-0.296124716740156,0.328991127955215,36.3123030901463,32.8375206684414,33
GBD,"Latin America, Central",SeasonAmp,area,-0.296556527767204,0.18783021842731,9.06394912157307,8.35075396878852,33
GBD,"Latin America, Central",SeasonAmp,pop,-0.345145096129821,0.285018089702691,9.82908228559036,8.03966872432713,33
GBD,"Latin America, Southern",AnnualMean,area,-0.797042206596901,0.001078058940098,24.2966691396796,25.7451691152051,33
GBD,"Latin America, Southern",AnnualMean,pop,-0.827050817042529,0.000489856079044269,23.6476313012276,27.8446822271137,33
GBD,"Latin America, Southern",OSDMA8,area,-0.834766400733667,0.00376203496866912,25.438478678533,29.6753219070612,33
GBD,"Latin America, Southern",OSDMA8,pop,-0.731811902920152,0.0227457297654239,26.0898929930354,31.4298785428536,33
GBD,"Latin America, Southern",DJF,area,-0.70390218752764,0.141029193532816,24.2393902593084,19.4954018139093,33
GBD,"Latin America, Southern",DJF,pop,-0.198958552689521,0.630995039917305,23.5903524208565,22.1447075145352,33
GBD,"Latin America, Southern",MAM,area,0.193870407279071,0.485647247096389,24.3385296113888,25.9028022250516,33
GBD,"Latin America, Southern",MAM,pop,-0.168192641402136,0.744891472543834,23.6894917729368,28.2326616792405,33
GBD,"Latin America, Southern",JJA,area,-1.52196902974893,0.0149899078872401,24.3570137621647,30.7351197608075,33
GBD,"Latin America, Southern",JJA,pop,-1.83414524341746,0.00735049297274731,23.7079759237127,32.6238593221415,33
GBD,"Latin America, Southern",SON,area,-1.65784966243502,0.00457572348982088,24.2517429258565,26.8473526610519,33
GBD,"Latin America, Southern",SON,pop,-1.49646257753793,0.0312618727768783,23.6027050874045,28.3775003925376,33
GBD,"Latin America, Southern",SeasonAmp,area,0.406836960855959,0.158542176618928,0.117623502856226,11.2402410402198,33
GBD,"Latin America, Southern",SeasonAmp,pop,1.24117874547008,0.0490921578899666,0.117623502856226,10.4791608741232,33
GBD,"Latin America, Tropical",AnnualMean,area,-0.5287243395632,0.285018089702691,23.3469401668668,24.6949322360536,33
GBD,"Latin America, Tropical",AnnualMean,pop,-0.123038827104802,0.76845697260005,23.1194445780538,26.2514746890661,33
GBD,"Latin America, Tropical",OSDMA8,area,-0.83991684004259,0.0799685408061806,24.592086334886,26.6383625843119,33
GBD,"Latin America, Tropical",OSDMA8,pop,-0.1703075522211,0.698489477330232,25.6001500716391,27.9850533866503,33
GBD,"Latin America, Tropical",DJF,area,-0.464657106376405,0.299211561149184,24.0994549367616,21.768349450207,33
GBD,"Latin America, Tropical",DJF,pop,-0.383935675248473,0.411530151089264,23.2570143166114,23.410861795472,33
GBD,"Latin America, Tropical",MAM,area,0.276100746889848,0.587608794610294,23.3526958429926,24.9172986770626,33
GBD,"Latin America, Tropical",MAM,pop,-0.0167423338649447,0.98763774198715,23.1502175122955,26.5011714485513,33
GBD,"Latin America, Tropical",JJA,area,-1.20890766680088,0.0423801207950514,22.9066933365885,27.1156504965825,33
GBD,"Latin America, Tropical",JJA,pop,-0.268271016947934,0.653187872435472,23.0594979290372,28.5419028678156,33
GBD,"Latin America, Tropical",SON,area,-0.208563443706336,0.840364419547018,23.0289165511246,24.9784303203622,33
GBD,"Latin America, Tropical",SON,pop,0.172230458964569,0.721562375988352,23.0110485542711,26.5519626444257,33
GBD,"Latin America, Tropical",SeasonAmp,area,-0.281317710826618,0.609130070083629,1.37221493564661,6.090022309791,33
GBD,"Latin America, Tropical",SeasonAmp,pop,0.750968920180608,0.0799685408061806,0.419290718178045,5.22203943833625,33
GBD,"North Africa / Middle East",AnnualMean,area,1.10404348496499,0.0177570704833444,38.0929267802635,38.6644497689062,33
GBD,"North Africa / Middle East",AnnualMean,pop,0.378217396098015,0.545656108406517,38.7158784477812,37.301898335587,33
GBD,"North Africa / Middle East",OSDMA8,area,0.429047287147604,0.313869027025312,42.6070561668666,43.3457984250199,33
GBD,"North Africa / Middle East",OSDMA8,pop,-0.159433515217777,0.792238425090491,43.8084480936139,42.8881384662227,33
GBD,"North Africa / Middle East",DJF,area,1.62253424150315,0.0209620396487754,32.3505274002332,32.547964199723,33
GBD,"North Africa / Middle East",DJF,pop,0.90858524276134,0.285018089702691,32.2738621327277,29.8190721952445,33
GBD,"North Africa / Middle East",MAM,area,1.12148667607147,0.0912403235547255,41.8576148025692,41.4803773196658,33
GBD,"North Africa / Middle East",MAM,pop,-0.0132566478845811,0.96292509372887,42.9147455175763,39.9952904977715,33
GBD,"North Africa / Middle East",JJA,area,-0.237158631015892,0.744891472543834,43.1005194790874,43.8244995512702,33
GBD,"North Africa / Middle East",JJA,pop,-0.728946220226446,0.198430409681258,44.3799836016354,43.7056568193745,33
GBD,"North Africa / Middle East",SON,area,1.93258727888222,0.019301492512039,35.063045439164,36.8049580049658,33
GBD,"North Africa / Middle East",SON,pop,1.11903572257079,0.158542176618928,35.2949225391853,35.6875738299577,33
GBD,"North Africa / Middle East",SeasonAmp,area,-2.20389901851717,0.00149138529390437,10.9099132893691,12.3893516105361,33
GBD,"North Africa / Middle East",SeasonAmp,pop,-1.86598264243578,0.019301492512039,12.1587212043195,14.9354959647932,33
GBD,"North America, High Income",AnnualMean,area,0.910890632024027,0.00204658044054268,35.5696271150228,37.2386897678873,33
GBD,"North America, High Income",AnnualMean,pop,-0.268246737289273,0.167893912385478,40.0501223862636,39.2265420409164,33
GBD,"North America, High Income",OSDMA8,area,0.183912964797298,0.566446141766224,41.1369940750403,41.000798163727,33
GBD,"North America, High Income",OSDMA8,pop,-1.75054489209567,4.18773713996506e-06,48.3133841860459,44.2409314654989,33
GBD,"North America, High Income",DJF,area,2.59019267369413,9.34034412605375e-10,28.5351837257465,34.5819906672874,33
GBD,"North America, High Income",DJF,pop,2.22949426406874,1.0389645662239e-10,28.1987338835163,33.6426837044261,33
GBD,"North America, High Income",MAM,area,0.718904156872809,0.0267119853796748,39.4756795162524,41.4798195689003,33
GBD,"North America, High Income",MAM,pop,-0.0569857709767021,0.744891472543834,43.2605507100067,43.2351357131682,33
GBD,"North America, High Income",JJA,area,-0.876004347272943,0.0267119853796748,41.1090728082223,38.9220235353324,33
GBD,"North America, High Income",JJA,pop,-2.88928777881538,3.60701779366552e-06,50.5007765035854,43.5371128172219,33
GBD,"North America, High Income",SON,area,1.01044619924885,0.00204658044054268,33.1585724098699,33.9709253000293,33
GBD,"North America, High Income",SON,pop,0.169604112918021,0.698489477330232,38.2404284479459,36.4912359288495,33
GBD,"North America, High Income",SeasonAmp,area,-1.99508879788998,1.49962186513976e-07,14.5790833776828,10.0779165113608,33
GBD,"North America, High Income",SeasonAmp,pop,-4.23150543957329,5.17659416546305e-09,22.9022415992154,13.5657073526033,33
GBD,"Oceania",AnnualMean,area,-0.704153373484093,0.0337761030599866,29.0353054023331,33.5130196765801,33
GBD,"Oceania",AnnualMean,pop,-0.714306634102729,0.0080600340250165,31.1346117174041,35.6997382823503,33
GBD,"Oceania",OSDMA8,area,-1.24746019555166,0.00966564190253341,29.3484685625367,33.5989202061983,33
GBD,"Oceania",OSDMA8,pop,-1.19437174524188,0.0267119853796748,31.23100265823,35.7646984027282,33
GBD,"Oceania",DJF,area,0.125852399322535,0.889094789838643,28.8188549328266,33.5281197519782,33
GBD,"Oceania",DJF,pop,0.867346735686086,0.141029193532816,31.035613553762,35.6804912301521,33
GBD,"Oceania",MAM,area,-1.4152387336802,0.0973372165845922,29.0301033197341,33.6192904517141,33
GBD,"Oceania",MAM,pop,-0.728756554753696,0.466468277436791,31.1472628617941,35.773938750673,33
GBD,"Oceania",JJA,area,-1.76676112924133,0.00184333825617578,29.3914096866796,33.4786814567062,33
GBD,"Oceania",JJA,pop,-3.24330464142263,0.000166454269371619,31.2796999675887,35.7308414363829,33
GBD,"Oceania",SON,area,-0.170274560926548,0.545656108406517,28.900853670092,33.4259870459218,33
GBD,"Oceania",SON,pop,-0.640559197079785,0.394107148810076,31.0758704864716,35.6136817121934,33
GBD,"Oceania",SeasonAmp,area,-1.38091245053426,0.00883028627618752,0.738328176497257,0.259690333162459,33
GBD,"Oceania",SeasonAmp,pop,-0.572011302800613,0.429402189834349,0.252513719907844,0.163632531177033,33
GBD,"Sub-Saharan Africa, Central",AnnualMean,area,0.653599445573682,0.258016317946144,38.1595340877008,35.8388260525277,33
GBD,"Sub-Saharan Africa, Central",AnnualMean,pop,1.37255273491533,0.0393262393887262,38.1952407271174,36.2676220589713,33
GBD,"Sub-Saharan Africa, Central",OSDMA8,area,-0.157219896203737,0.698489477330232,39.2867058658103,36.1104835418198,33
GBD,"Sub-Saharan Africa, Central",OSDMA8,pop,0.568627778924994,0.411530151089264,38.8887974779322,36.5543598708021,33
GBD,"Sub-Saharan Africa, Central",DJF,area,1.8013556288045,0.0080600340250165,38.1022552073296,35.2653617366537,33
GBD,"Sub-Saharan Africa, Central",DJF,pop,2.76958707917218,0.00133966963283022,38.1379618467462,35.6608380201954,33
GBD,"Sub-Saharan Africa, Central",MAM,area,0.316698438421985,0.587608794610294,38.20139455941,35.9355492739293,33
GBD,"Sub-Saharan Africa, Central",MAM,pop,0.853453867635087,0.285018089702691,38.2371011988266,36.3652382715478,33
GBD,"Sub-Saharan Africa, Central",JJA,area,-0.924209946020047,0.198430409681258,38.2198787101859,36.1184215460347,33
GBD,"Sub-Saharan Africa, Central",JJA,pop,-0.143051585736073,0.840364419547018,38.2555853496024,36.5623390685538,33
GBD,"Sub-Saharan Africa, Central",SON,area,1.71432460674855,0.019301492512039,38.1146078738777,36.0359716534931,33
GBD,"Sub-Saharan Africa, Central",SON,pop,2.86479440729943,0.000616464290766005,38.1503145132943,36.4820728755882,33
GBD,"Sub-Saharan Africa, Central",SeasonAmp,area,-2.28777311944754,0.00609713991778455,0.117623502856224,0.891090461993554,33
GBD,"Sub-Saharan Africa, Central",SeasonAmp,pop,-2.36992428127329,0.0149899078872401,0.117623502856225,0.938346185200441,33
GBD,"Sub-Saharan Africa, East",AnnualMean,area,2.24067682049009,1.00587039711757e-05,38.0761045370336,36.8966681321304,33
GBD,"Sub-Saharan Africa, East",AnnualMean,pop,2.62911980191044,8.71198100904595e-06,38.0685059940781,37.1143379825085,33
GBD,"Sub-Saharan Africa, East",OSDMA8,area,1.66157393521121,0.000188347631629846,38.5609346449857,38.7531655119296,33
GBD,"Sub-Saharan Africa, East",OSDMA8,pop,2.05147685519034,0.000305963170592225,38.4437334124786,38.2979115065931,33
GBD,"Sub-Saharan Africa, East",DJF,area,2.91837564367901,3.07287959998693e-05,37.7541970110513,34.0973568866383,33
GBD,"Sub-Saharan Africa, East",DJF,pop,2.89592847649426,0.000114267801497649,38.0025570149257,35.1644159259467,33
GBD,"Sub-Saharan Africa, East",MAM,area,2.05841072144398,0.000965781172646131,38.2969997918071,36.5937510887335,33
GBD,"Sub-Saharan Africa, East",MAM,pop,2.32402258885135,0.00120230701629991,38.1158657780913,36.9636888974109,33
GBD,"Sub-Saharan Africa, East",JJA,area,0.205708360444107,0.721562375988352,38.3366275667797,39.006492766929,33
GBD,"Sub-Saharan Africa, East",JJA,pop,0.491464964349929,0.344577618849168,38.1356289110044,38.4237794755441,33
GBD,"Sub-Saharan Africa, East",SON,area,3.76856772187311,1.44451493040446e-06,37.9165937784962,37.8890717862208,33
GBD,"Sub-Saharan Africa, East",SON,pop,4.31493031295366,6.56847427066009e-07,38.0199722722908,37.9054676311323,33
GBD,"Sub-Saharan Africa, East",SeasonAmp,area,-0.309821460450525,0.485647247096389,0.582430555728379,4.91982002571788,33
GBD,"Sub-Saharan Africa, East",SeasonAmp,pop,-0.621898319186004,0.220930121261474,0.133071896078696,3.26059543241079,33
GBD,"Sub-Saharan Africa, Southern",AnnualMean,area,2.09512171139116,0.00077299581288899,38.0593735639064,28.9491181243178,33
GBD,"Sub-Saharan Africa, Southern",AnnualMean,pop,2.95462660938962,0.000188347631629846,37.8499162712857,30.083391217757,33
GBD,"Sub-Saharan Africa, Southern",OSDMA8,area,1.32348499880182,0.0364612689030847,38.1104761110035,29.2961367747153,33
GBD,"Sub-Saharan Africa, Southern",OSDMA8,pop,2.14006209981041,0.001078058940098,37.9010188183829,30.4310483600549,33
GBD,"Sub-Saharan Africa, Southern",DJF,area,3.6251699559053,5.25375659516944e-05,38.0020946835353,28.1381307186742,33
GBD,"Sub-Saharan Africa, Southern",DJF,pop,3.81580927296739,0.000305963170592225,37.7926373909146,29.27231519055,33
GBD,"Sub-Saharan Africa, Southern",MAM,area,0.338915188047095,0.545656108406517,38.1012340356156,29.0667543894487,33
GBD,"Sub-Saharan Africa, Southern",MAM,pop,1.12216046590004,0.117597991160413,37.8917767429949,30.2001062524481,33
GBD,"Sub-Saharan Africa, Southern",JJA,area,0.555009461059259,0.394107148810076,38.1197181863915,29.3277236976492,33
GBD,"Sub-Saharan Africa, Southern",JJA,pop,1.38563357000595,0.0527696019690178,37.9102608937708,30.4625947831947,33
GBD,"Sub-Saharan Africa, Southern",SON,area,3.95944027889958,0.000344635334024313,38.0144473500833,29.2638636914992,33
GBD,"Sub-Saharan Africa, Southern",SON,pop,5.02139800362271,2.68113085423871e-05,37.8049900574626,30.3985486448353,33
GBD,"Sub-Saharan Africa, Southern",SeasonAmp,area,-1.90880120199419,0.00184333825617578,0.117623502856224,1.18959297897498,33
GBD,"Sub-Saharan Africa, Southern",SeasonAmp,pop,-1.28759085512455,0.00554568623017398,0.117623502856225,1.19027959264472,33
GBD,"Sub-Saharan Africa, West",AnnualMean,area,1.92308263184175,3.07287959998693e-05,40.2202484979185,38.5463950676227,33
GBD,"Sub-Saharan Africa, West",AnnualMean,pop,1.20921282064096,0.000965781172646131,40.527113010491,38.1459837636301,33
GBD,"Sub-Saharan Africa, West",OSDMA8,area,1.07409891444482,0.00609713991778455,41.7690387351484,40.019815577197,33
GBD,"Sub-Saharan Africa, West",OSDMA8,pop,0.975289613776908,0.0393262393887262,41.3209910510893,38.6464445630095,33
GBD,"Sub-Saharan Africa, West",DJF,area,2.97895242365173,0.000271383941014789,39.0953757838297,38.0146090008698,33
GBD,"Sub-Saharan Africa, West",DJF,pop,1.71203501292723,0.00669750518917584,40.2874528674123,38.3042746705576,33
GBD,"Sub-Saharan Africa, West",MAM,area,2.22667033522006,7.78008595005056e-05,41.8974997701996,40.7437233117532,33
GBD,"Sub-Saharan Africa, West",MAM,pop,1.97305663977439,0.00184333825617578,41.0641930330201,38.9198740051568,33
GBD,"Sub-Saharan Africa, West",JJA,area,-0.111587362334729,0.744891472543834,41.1597572421063,38.3951047530649,33
GBD,"Sub-Saharan Africa, West",JJA,pop,0.118442967811247,0.630995039917305,40.7375060068815,37.7958842687184,33
GBD,"Sub-Saharan Africa, West",SON,area,2.20772476025857,0.000129651352166492,38.7283611955386,37.0321432048028,33
GBD,"Sub-Saharan Africa, West",SON,pop,0.976154962868345,0.0973372165845922,40.0193001346502,37.5639021100877,33
GBD,"Sub-Saharan Africa, West",SeasonAmp,area,-1.71451571287997,6.51725702018777e-06,3.4242734149955,4.04130115693781,33
GBD,"Sub-Saharan Africa, West",SeasonAmp,pop,-0.257415363251638,0.485647247096389,1.07315948068696,1.36201524388819,33
GBD,"Unknown",AnnualMean,area,1.61870890094972,6.38926992427917e-08,29.0517953896499,36.0019195668428,33
GBD,"Unknown",AnnualMean,pop,-1.04529728403181,0.0698555329605745,28.4946172748155,27.3404246531787,33
GBD,"Unknown",OSDMA8,area,1.44584739476887,1.68641806857599e-06,30.5024993850553,36.6351207844408,33
GBD,"Unknown",OSDMA8,pop,-1.43101788926037,0.0227457297654239,31.6902705338157,29.5316069177967,33
GBD,"Unknown",DJF,area,2.50150813722312,1.2970775054798e-08,28.4497163093825,36.2781585617751,33
GBD,"Unknown",DJF,pop,-0.889529219205824,0.167893912385478,28.1326356939121,29.2920459657044,33
GBD,"Unknown",MAM,area,1.61093497468699,7.78008595005056e-05,30.1171841270697,36.4828844746346,33
GBD,"Unknown",MAM,pop,-1.37810222568149,0.04563224527432,31.5759566116385,26.7480190472385,33
GBD,"Unknown",JJA,area,0.574234559791925,0.0289099558964199,29.4561868625113,35.6562000556412,33
GBD,"Unknown",JJA,pop,-1.61330335151497,0.00149138529390437,27.2648429063225,26.4730654491312,33
GBD,"Unknown",SON,area,2.02708921898667,2.91826393135162e-07,28.1840942596362,35.5904351753201,33
GBD,"Unknown",SON,pop,-0.534054318671823,0.429402189834349,27.0050338873888,26.8485681506409,33
GBD,"Unknown",SeasonAmp,area,-0.738603939820506,0.0177570704833444,2.73509008807265,2.27927215685363,33
GBD,"Unknown",SeasonAmp,pop,-0.285248381918988,0.232842046793915,6.05232460349791,10.0024502976766,33
WHO,"AFRO",AnnualMean,area,1.98414730273947,3.60701779366552e-06,38.5282611177902,36.581460225393,33
WHO,"AFRO",AnnualMean,pop,1.83338545155225,1.53962819682826e-05,38.928157760903,37.0256016189608,33
WHO,"AFRO",OSDMA8,area,0.919252157950565,0.0312618727768783,39.9746099671186,37.912797522871,33
WHO,"AFRO",OSDMA8,pop,1.29742045035201,0.00227019888477217,39.8686322246377,37.820424756312,33
WHO,"AFRO",DJF,area,2.99159845226454,3.60701779366552e-06,37.3585731574144,35.2001274570021,33
WHO,"AFRO",DJF,pop,2.43223247631055,2.03547486879309e-05,38.3076525780667,36.097047727519,33
WHO,"AFRO",MAM,area,1.49399599166718,0.000864417849300997,39.6067571174255,37.5463914134991,33
WHO,"AFRO",MAM,pop,1.79131100132241,0.00165879292461778,39.3965180249614,37.3868798646444,33
WHO,"AFRO",JJA,area,0.0657752327714967,0.98763774198715,39.6004618238836,37.2770499220592,33
WHO,"AFRO",JJA,pop,0.333845915631686,0.485647247096389,39.5771572798012,37.4857650127015,33
WHO,"AFRO",SON,area,3.04836042393345,4.76145190586997e-07,37.5472523724373,36.3022721090118,33
WHO,"AFRO",SON,pop,2.90443461227182,7.70410215591385e-07,38.4313031607824,37.1327138709785,33
WHO,"AFRO",SeasonAmp,area,-1.60431464554346,0.000387843377480867,2.76615506678583,3.6400967194205,33
WHO,"AFRO",SeasonAmp,pop,-0.780123973133702,0.0267119853796748,1.51905417525247,2.22461411558931,33
WHO,"AMRO",AnnualMean,area,0.0422939004076719,0.792238425090491,31.3975938017854,31.95785716971,33
WHO,"AMRO",AnnualMean,pop,-0.363345174487928,0.0080600340250165,33.3795934743072,32.6014019411378,33
WHO,"AMRO",OSDMA8,area,-0.375949782608705,0.0137545062034267,35.0362091466132,35.0621392239215,33
WHO,"AMRO",OSDMA8,pop,-1.0299454797017,1.00587039711757e-05,38.0826219773898,35.7298312725843,33
WHO,"AMRO",DJF,area,1.07039013125088,2.09585701889447e-07,27.5905133893593,29.4364924869398,33
WHO,"AMRO",DJF,pop,0.499316430803494,0.00554568623017398,27.9331034035903,29.6985268835811,33
WHO,"AMRO",MAM,area,0.227075420280397,0.344577618849168,33.7784326798001,34.4935973110937,33
WHO,"AMRO",MAM,pop,-0.402380561469062,0.0608169491857557,35.4127783589766,34.8692464947772,33
WHO,"AMRO",JJA,area,-1.09889253845688,0.000690619202469303,34.2098171452444,33.515821882065,33
WHO,"AMRO",JJA,pop,-1.45241716895993,2.68113085423871e-05,37.577256692092,34.1086761031375,33
WHO,"AMRO",SON,area,0.0930496134276118,0.744891472543834,30.0116119927376,30.3855169987413,33
WHO,"AMRO",SON,pop,-0.248793219445589,0.328991127955215,32.5952354425698,31.7291582830555,33
WHO,"AMRO",SeasonAmp,area,-1.16894612834139,2.66858498297669e-06,8.97761782633674,9.09379939411625,33
WHO,"AMRO",SeasonAmp,pop,-1.55792478498471,4.18773713996506e-06,11.1992227535678,9.63100570683722,33
WHO,"EMRO",AnnualMean,area,1.26397382770665,0.0177570704833444,38.429711015288,39.3681657304337,33
WHO,"EMRO",AnnualMean,pop,1.34235461916746,0.0527696019690178,38.1980404852518,42.310252262815,33
WHO,"EMRO",OSDMA8,area,0.792424749793357,0.0973372165845922,41.0966396202608,43.8422496155179,33
WHO,"EMRO",OSDMA8,pop,1.41196836090989,0.0246598560232906,40.6476804279492,48.0664009468683,33
WHO,"EMRO",DJF,area,1.37408515608161,0.0912403235547255,35.1054001996927,33.3014375501905,33
WHO,"EMRO",DJF,pop,0.65124882798084,0.360627341988798,35.491799650297,34.6932247391727,33
WHO,"EMRO",MAM,area,1.38289618767323,0.0312618727768783,40.6457730587532,41.5849350253148,33
WHO,"EMRO",MAM,pop,1.48123712548867,0.0337761030599866,40.0994769747913,45.1780266775743,33
WHO,"EMRO",JJA,area,0.0658311068811372,0.98763774198715,41.2057348179821,44.719294701269,33
WHO,"EMRO",JJA,pop,1.07819104390484,0.0608169491857557,40.4017867684753,49.2014175678371,33
WHO,"EMRO",SON,area,1.78493388573452,0.016322031350919,36.7619359847238,37.8669956449603,33
WHO,"EMRO",SON,pop,1.49684528634406,0.0227457297654239,36.7990985474436,40.1683400666761,33
WHO,"EMRO",SeasonAmp,area,-1.59655627265706,0.00966564190253341,6.14238163557257,11.8306788541532,33
WHO,"EMRO",SeasonAmp,pop,0.0824021134062036,0.913630103640186,4.94827984690684,15.0627613541627,33
WHO,"EURO",AnnualMean,area,0.512837758406332,0.158542176618928,34.6446058061741,38.4029337433673,33
WHO,"EURO",AnnualMean,pop,-0.00598120241584338,0.98763774198715,35.5243278880604,36.3606557154263,33
WHO,"EURO",OSDMA8,area,0.455034511826706,0.209461543340503,38.0349352414708,43.2842451440195,33
WHO,"EURO",OSDMA8,pop,-0.58390478801496,0.117597991160413,43.4160425652829,43.7455628785347,33
WHO,"EURO",DJF,area,1.19062601945721,0.000965781172646131,30.7735579077429,33.5597909962759,33
WHO,"EURO",DJF,pop,0.656084029937826,0.0393262393887262,25.9820581162577,28.1906537135018,33
WHO,"EURO",MAM,area,0.617488401121329,0.198430409681258,37.8562370622697,42.4103761189365,33
WHO,"EURO",MAM,pop,0.00287744067858324,1,41.8061232236183,41.4447917152901,33
WHO,"EURO",JJA,area,-0.0789278716052237,0.76845697260005,37.8711004511362,43.0072177050448,33
WHO,"EURO",JJA,pop,-1.13293284163547,0.0227457297654239,44.8264413305288,45.2045078387136,33
WHO,"EURO",SON,area,0.559728868475947,0.0747724793244242,32.0775278035476,34.6343501532121,33
WHO,"EURO",SON,pop,0.263286005500343,0.360627341988798,29.4826888818366,30.6026695941995,33
WHO,"EURO",SeasonAmp,area,-0.82940175844322,0.016322031350919,8.33755086259724,12.4490460062722,33
WHO,"EURO",SeasonAmp,pop,-1.8465660700429,1.68641806857599e-06,19.6433897544407,18.6691699541762,33
WHO,"SEARO",AnnualMean,area,1.07639418649499,0.0566745027339212,34.0978956369753,39.8101920283622,33
WHO,"SEARO",AnnualMean,pop,2.37009657686854,5.25375659516944e-05,34.5616080126143,44.9840087951588,33
WHO,"SEARO",OSDMA8,area,1.40080476140892,0.00457572348982088,35.7058810549448,42.5828650565685,33
WHO,"SEARO",OSDMA8,pop,3.01751417124711,1.44451493040446e-06,37.4994263972307,49.6987429373197,33
WHO,"SEARO",DJF,area,1.09366270596603,0.0312618727768783,33.9719034013226,37.6757643685633,33
WHO,"SEARO",DJF,pop,0.780080071400529,0.177653910670923,34.4489479665797,40.3141873255324,33
WHO,"SEARO",MAM,area,1.56880035484198,0.00133966963283022,34.2635314282342,43.7083657404644,33
WHO,"SEARO",MAM,pop,3.03136060078906,7.53860962183623e-06,34.7002130201765,50.9203010242072,33
WHO,"SEARO",JJA,area,1.17450084850638,0.0973372165845922,34.1440517676024,39.8418538474431,33
WHO,"SEARO",JJA,pop,3.62388513677977,0.000166454269371619,34.609802648253,47.1881348147447,33
WHO,"SEARO",SON,area,0.683081643436455,0.299211561149184,34.0120959507421,38.0147841569779,33
WHO,"SEARO",SON,pop,1.73018989049722,0.00735049297274731,34.4874684154478,41.5134120161508,33
WHO,"SEARO",SeasonAmp,area,-0.0921550980220791,0.889094789838643,0.309913250403063,8.24519942379341,33
WHO,"SEARO",SeasonAmp,pop,0.526556917341699,0.360627341988798,0.26956316305224,11.7131880650367,33
WHO,"WPRO",AnnualMean,area,1.05941518409892,1.33718441473138e-05,30.9396982314107,37.3735270031513,33
WHO,"WPRO",AnnualMean,pop,3.32261230720866,2.33955740042227e-10,34.1760914636423,45.8442936010575,33
WHO,"WPRO",OSDMA8,area,1.53328557442353,9.02768516840786e-07,33.0085983991049,41.6645196595673,33
WHO,"WPRO",OSDMA8,pop,4.74770457217182,2.23511444871411e-12,36.8270599240772,54.6997866107419,33
WHO,"WPRO",DJF,area,0.581980772235612,0.125042727392621,28.9117828230205,32.1731328236632,33
WHO,"WPRO",DJF,pop,0.483355717516008,0.299211561149184,31.2181542237353,33.9398332509391,33
WHO,"WPRO",MAM,area,1.31487617439429,0.000240494138287912,32.9867088649071,41.1229141217643,33
WHO,"WPRO",MAM,pop,3.46941794039582,1.06901523640487e-07,39.5156360443122,52.0016302022718,33
WHO,"WPRO",JJA,area,1.29192052290737,0.000129651352166492,31.5130283303255,39.7453173313374,33
WHO,"WPRO",JJA,pop,5.60021650252689,8.31360842217378e-12,33.0670486629554,51.2418762509023,33
WHO,"WPRO",SON,area,1.42954320926109,0.00609713991778455,30.3472729073898,36.4527437358402,33
WHO,"WPRO",SON,pop,3.52190430095364,2.29215821297896e-06,32.9035269235661,46.1938347001165,33
WHO,"WPRO",SeasonAmp,area,0.825081911391027,0.00415082287690874,4.83897617202141,12.5029066622787,33
WHO,"WPRO",SeasonAmp,pop,4.03279745756092,2.33955740042227e-10,8.82306921765521,25.3119983103354,33
