RegionSet,Region,Metric,Weighting,Period,SlopePerDecade,SE,phi,pValue,nStar,StartFit,EndFit,nYears
Global,"Global",AnnualMean,area,1990-2022,0.795095932127072,0.252360476229262,0.246476299355328,0.0016291554178025,14.8615586874256,30.9598828487896,33.5041898315963,33
Global,"Global",AnnualMean,pop,1990-2022,1.7022017631544,0.312349933802425,0.256743922068099,5.04654566852281e-08,10.3137534277346,33.3181396222746,38.7651852643687,33
Global,"Global",OSDMA8,area,1990-2022,0.55539796392478,0.210522435067605,0.313565987338241,0.00833501235664259,16.7285856381581,36.5788284562949,38.3561019408542,33
Global,"Global",OSDMA8,pop,1990-2022,2.0681010074847,0.256584924751365,0.0988394410250292,7.62299819941078e-16,7.94516187299618,39.0184547534266,45.6363779773777,33
world,"Africa",AnnualMean,area,1990-2022,1.64349386944586,0.362176475600713,0.0397080594314403,5.68370945681989e-06,11.6528258543051,30.8004880295597,36.0596684117865,33
world,"Africa",AnnualMean,pop,1990-2022,1.44466446115118,0.360248348536409,0.070495021123039,6.06698102472559e-05,12.6537668802029,31.8835723043705,36.5064985800543,33
world,"Africa",OSDMA8,area,1990-2022,0.932725662227788,0.289422367057262,-0.0695150406103616,0.00126982045410334,14.639129969203,37.1993463274408,40.1840684465697,33
world,"Africa",OSDMA8,pop,1990-2022,1.0646386441213,0.297666116156026,0.0178465293235371,0.000348065306640106,13.6567682471264,37.4976777942191,40.9045214554072,33
world,"EastAsia",AnnualMean,area,1990-2022,2.67264682272454,0.480771414575044,0.562421497399605,2.71200158646247e-08,10.1779707797512,33.1736202785203,41.7260901112388,33
world,"EastAsia",AnnualMean,pop,1990-2022,3.62391421970051,0.582217935769498,0.610459303780794,4.83630624197038e-10,9.4391945423562,33.1663900882461,44.7629155912878,33
world,"EastAsia",OSDMA8,area,1990-2022,3.41236216859821,0.417650568113175,0.446724599191861,3.0742984502345e-16,7.87351141863763,38.6339486768181,49.5535076163324,33
world,"EastAsia",OSDMA8,pop,1990-2022,5.383350074652,0.629118055276103,0.529111838294812,1.15863490644121e-17,7.63453940211215,37.9407979464972,55.1675181853836,33
world,"Europe",AnnualMean,area,1990-2022,-0.186778647937791,0.331012722898423,0.475244001357917,0.572574303236551,46.7743896624955,35.3341793141599,34.7364876407589,33
world,"Europe",AnnualMean,pop,1990-2022,0.0190750392000719,0.330005611776617,0.383844316335089,0.953906212733246,213.64877826251,34.1852507859845,34.2462909114247,33
world,"Europe",OSDMA8,area,1990-2022,-0.919513285565519,0.356838727747925,0.342859510183968,0.00997105344764391,16.9930944844814,44.2677388714692,41.3252963576595,33
world,"Europe",OSDMA8,pop,1990-2022,-0.821155371203704,0.403678552112424,0.325582594100774,0.041933316939207,19.8946688508703,44.2072552789558,41.5795580911039,33
world,"NorthAmerica",AnnualMean,area,1990-2022,0.732588429521924,0.312032964096151,0.322495382123013,0.0188850749981819,18.0810412626643,32.847378042158,35.1916610166282,33
world,"NorthAmerica",AnnualMean,pop,1990-2022,-0.0276477148358381,0.214462300564024,0.212230873293915,0.897423773395623,125.157717880276,37.8636937906647,37.77522110319,33
world,"NorthAmerica",OSDMA8,area,1990-2022,0.0647983360863444,0.344920124057783,0.426305863860108,0.850982668816229,97.3717426750578,39.3537373367932,39.5610920122695,33
world,"NorthAmerica",OSDMA8,pop,1990-2022,-1.05052353089377,0.33508223691442,0.342813905553532,0.00171782937416515,14.9105468107941,46.1742018142155,42.8125265153554,33
world,"Oceania",AnnualMean,area,1990-2022,-0.987371756532786,0.382236696292091,0.256291649319732,0.00979049486866564,16.9654067084714,27.0388140008619,23.879224379957,33
world,"Oceania",AnnualMean,pop,1990-2022,0.163134354514762,0.462126035938386,0.216461976634902,0.724082172400486,63.9449857834599,25.9679522340273,26.4899821684746,33
world,"Oceania",OSDMA8,area,1990-2022,-1.22035443009758,0.447368082034302,0.27321516322092,0.00637479810658367,16.3599698404194,30.3808549441315,26.4757207678192,33
world,"Oceania",OSDMA8,pop,1990-2022,-0.211558345824566,0.493926687336481,0.246675328882067,0.668418650456899,56.2105769141799,29.6167043477526,28.939717641114,33
world,"Russia",AnnualMean,area,1990-2022,0.948243872657785,0.35908662114974,0.0201786521203492,0.00827323381454898,16.717934111334,29.939218989597,32.9735993821019,33
world,"Russia",AnnualMean,pop,1990-2022,-0.303191124880329,0.632793886939543,0.316525669481329,0.631845485676745,52.1627345014702,32.1898470936019,31.2196354939848,33
world,"Russia",OSDMA8,area,1990-2022,1.1505570378778,0.346307324517824,0.0315989717635396,0.000892599726500768,14.3449433947039,35.3649162382538,39.0466987594627,33
world,"Russia",OSDMA8,pop,1990-2022,-0.292359798221007,0.749692420008347,0.309576328264891,0.696556516161965,59.8375036804396,38.5400397735501,37.6044884192429,33
world,"SouthAmerica",AnnualMean,area,1990-2022,-0.846001538912891,0.5187167217938,0.494250618682197,0.102900666187448,23.0516784688842,26.9094824872554,24.2022775627341,33
world,"SouthAmerica",AnnualMean,pop,1990-2022,-0.759301047554005,0.476442018048143,0.424062999844753,0.111005406182008,23.4095928662037,28.810208834476,26.3804454823032,33
world,"SouthAmerica",OSDMA8,area,1990-2022,-1.02166476190208,0.49109033534301,0.363009011711393,0.0374887793486258,19.5989048685073,30.4728445798772,27.2035173417906,33
world,"SouthAmerica",OSDMA8,pop,1990-2022,-0.76329950379852,0.403678671128849,0.290008455045586,0.0586431504486174,20.8876880078689,31.7357556534457,29.2931972412905,33
world,"SouthCentralAsia",AnnualMean,area,1990-2022,1.93343076329603,0.843781927412162,0.462168983631061,0.0219410528347538,18.376560107806,35.1228133998857,41.309791842433,33
world,"SouthCentralAsia",AnnualMean,pop,1990-2022,2.33978522439261,0.663631661323313,0.193749946789963,0.000422319287912522,13.7878714411201,35.7390299725138,43.2263426905702,33
world,"SouthCentralAsia",OSDMA8,area,1990-2022,2.35558478097118,0.636342769539496,0.208718930751049,0.000214113648142626,13.3472380324886,40.9195741494924,48.4574454486002,33
world,"SouthCentralAsia",OSDMA8,pop,1990-2022,3.08163221878023,0.559284205316858,-0.0247643492594422,3.58920286373275e-08,10.23837397055,41.1477310857078,51.0089541858046,33
areacode,"CONUS",AnnualMean,area,1990-2022,-0.0115552363542723,0.338906312458852,0.490227777571105,0.972800864698028,303.759852302861,39.2530825938807,39.216105837547,33
areacode,"CONUS",AnnualMean,pop,1990-2022,-0.196793716384701,0.219835375378466,0.235775061768878,0.370687263664757,34.3864538560348,39.4114429342313,38.7817030418003,33
areacode,"CONUS",OSDMA8,area,1990-2022,-1.06004738919217,0.532687359666801,0.576974169145348,0.0465910299122979,20.1880589120273,47.7222952626613,44.3301436172464,33
areacode,"CONUS",OSDMA8,pop,1990-2022,-1.6194671957995,0.400370655609441,0.384844906801926,5.23410370988005e-05,12.5812331984177,49.4780433783087,44.2957483517503,33
areacode,"Europe",AnnualMean,area,1990-2022,-0.186152698375721,0.330869135895605,0.476082669491205,0.573695512230101,46.8656275944054,35.33022694932,34.7345383145177,33
areacode,"Europe",AnnualMean,pop,1990-2022,0.0190788998917605,0.33000264612437,0.383845099419253,0.953896480115831,213.618675677032,34.1852338425093,34.246286322163,33
areacode,"Europe",OSDMA8,area,1990-2022,-0.917071663547427,0.356593104154352,0.34369711191406,0.0101183186280013,17.0154301942206,44.250281709774,41.3156523864223,33
areacode,"Europe",OSDMA8,pop,1990-2022,-0.821141648673673,0.403675640398259,0.325584224254751,0.0419352643376872,19.8947948297239,44.2071674307157,41.5795141549599,33
areacode,"EastAsia",AnnualMean,area,1990-2022,2.56216424528624,0.429326702668587,0.503721684049308,2.40376601567367e-09,9.70771712188678,33.0944981726902,41.2934237576062,33
areacode,"EastAsia",AnnualMean,pop,1990-2022,3.64969057749778,0.583526847106691,0.611925952152935,3.98695526716342e-10,9.40877363737325,33.251359118769,44.9303689667619,33
areacode,"EastAsia",OSDMA8,area,1990-2022,3.25645844476943,0.410312993231156,0.439472872087586,2.07928082522775e-15,8.02742597035453,38.6455152297835,49.0661822530457,33
areacode,"EastAsia",OSDMA8,pop,1990-2022,5.42573265754435,0.62771151561851,0.52462807833486,5.44345197273728e-18,7.5834057415991,38.039410334844,55.4017548389859,33
GBD,"Asia Pacific, High Income",AnnualMean,area,1990-2022,0.784488602424788,0.79151522624303,0.66489958862546,0.321625735092721,32.1300632116253,37.2446051348111,39.7549686625705,33
GBD,"Asia Pacific, High Income",AnnualMean,pop,1990-2022,1.43288310844871,0.523373107658094,0.557301764144186,0.0061854475811231,16.3203793803312,36.1401649916934,40.7253909387292,33
GBD,"Asia Pacific, High Income",OSDMA8,area,1990-2022,0.282418934965374,0.992172371955851,0.659069979566783,0.775914563921176,73.8117273246334,44.9492577366199,45.8529983285091,33
GBD,"Asia Pacific, High Income",OSDMA8,pop,1990-2022,1.27276028550197,0.627761919396326,0.491060294934714,0.0426156997231519,19.9386335253157,44.0688081409689,48.1416410545752,33
GBD,"Asia, Central",AnnualMean,area,1990-2022,1.38239656538416,1.46622279489521,0.554583215141639,0.345768657018491,33.2180935326794,31.5961696231596,36.0198386323889,33
GBD,"Asia, Central",AnnualMean,pop,1990-2022,1.18541646334714,2.11185814184699,0.610065554990284,0.574583201626191,46.9381189822909,33.5132326127062,37.306565295417,33
GBD,"Asia, Central",OSDMA8,area,1990-2022,1.71025880633464,1.48714599642973,0.496961177885826,0.250132541101993,29.0976335577062,37.9050993905481,43.3779275708189,33
GBD,"Asia, Central",OSDMA8,pop,1990-2022,1.17578887497974,1.91225432232806,0.486383638495373,0.538640210309815,44.1713520314015,41.1350578009008,44.897582200836,33
GBD,"Asia, East",AnnualMean,area,1990-2022,3.87984598562575,0.519370390123226,0.523554282971144,8.00199687026832e-14,8.35804983796953,32.5148375185133,44.9303446725157,33
GBD,"Asia, East",AnnualMean,pop,1990-2022,3.9291265069999,0.610093029048627,0.602471992165849,1.19309237708935e-10,9.2270567154192,32.9623991963255,45.5356040187252,33
GBD,"Asia, East",OSDMA8,area,1990-2022,5.20281272608388,0.355349347558727,0.230537275352324,1.52882385997102e-48,5.33672357908397,36.8815493679145,53.5305500913829,33
GBD,"Asia, East",OSDMA8,pop,1990-2022,5.98618752040461,0.656644281700664,0.508197791190005,7.77096643851535e-20,7.31896588073251,37.3657475238274,56.5215475891223,33
GBD,"Asia, South",AnnualMean,area,1990-2022,2.10140705245894,0.769397233007699,0.225942483529508,0.00630968645080925,16.3464498379336,35.5686389278376,42.2931414957062,33
GBD,"Asia, South",AnnualMean,pop,1990-2022,2.4880257959897,0.674494248165845,0.163548620144431,0.00022537803517957,13.3786431767761,35.8979077205097,43.8595902676767,33
GBD,"Asia, South",OSDMA8,area,1990-2022,2.66121992504161,0.630495012462644,0.0258531078818972,2.43391327834171e-05,12.2291728178251,41.3202343473516,49.8361381074848,33
GBD,"Asia, South",OSDMA8,pop,1990-2022,3.2460045298587,0.588875528717736,-0.0362579169764138,3.54359341520533e-08,10.235586827716,41.1969228762002,51.5841373717481,33
GBD,"Asia, Southeast",AnnualMean,area,1990-2022,0.369908674419023,0.664436594559463,0.22614844415442,0.577715115983278,47.1957083049662,26.1446935558217,27.3284013139626,33
GBD,"Asia, Southeast",AnnualMean,pop,1990-2022,1.22283351027863,0.582695993692761,0.27633601536525,0.0358540390703449,19.4855629213635,26.6576104953283,30.5706777282199,33
GBD,"Asia, Southeast",OSDMA8,area,1990-2022,0.360048456724419,0.726750273055073,0.330911722709713,0.620301896554378,51.0128189201632,30.0798734964226,31.2320285579408,33
GBD,"Asia, Southeast",OSDMA8,pop,1990-2022,1.48980098884317,0.55768644979665,0.317969256840372,0.00755366218172173,16.5896686761348,30.1526173697843,34.9199805340825,33
GBD,"Australasia",AnnualMean,area,1990-2022,-1.29649867753158,0.600439533078402,0.502213128083604,0.0308308265242593,19.1188290479699,28.8805111522352,24.7317153841342,33
GBD,"Australasia",AnnualMean,pop,1990-2022,-0.973041693983607,0.52634269206621,0.522045928249119,0.0645033508776064,21.2041688909999,29.0104832648728,25.8967498441253,33
GBD,"Australasia",OSDMA8,area,1990-2022,-1.44471818098577,0.666066525854066,0.38964489441012,0.030080417268518,19.0613125655382,32.0665693750658,27.4434711959113,33
GBD,"Australasia",OSDMA8,pop,1990-2022,-1.18116832045067,0.497840802559768,0.388477157387974,0.0176642231410002,17.9548709535356,32.3072845956465,28.5275459702044,33
GBD,"Caribbean",AnnualMean,area,1990-2022,-1.37347136605615,0.473434630572723,0.403609509379719,0.00371879857229929,15.7020647787296,31.536035434063,27.1409270626833,33
GBD,"Caribbean",AnnualMean,pop,1990-2022,-1.10486190976444,0.587932346830349,0.337598347451322,0.0602126758331372,20.9737486234433,33.7528160448751,30.2172579336289,33
GBD,"Caribbean",OSDMA8,area,1990-2022,-1.62279534852649,0.5051314959444,0.394028118904775,0.00131530368286281,14.6697806183811,35.3159187795387,30.1229736642539,33
GBD,"Caribbean",OSDMA8,pop,1990-2022,-1.41001268538595,0.606534945279908,0.337976315709315,0.0200879280578448,18.2005716285006,37.9164714232713,33.4044308300362,33
GBD,"Europe, Central",AnnualMean,area,1990-2022,-0.825478317416852,0.427875547404722,0.231521845296789,0.0537000025726198,20.6096692101924,36.2019842234511,33.5604536077172,33
GBD,"Europe, Central",AnnualMean,pop,1990-2022,-0.609214275099565,0.425789538524119,0.182658751135281,0.15249117663904,25.1543500366058,34.9870343478736,33.037548667555,33
GBD,"Europe, Central",OSDMA8,area,1990-2022,-1.53494386467988,0.530453110423718,0.190131420658826,0.00380796425248406,15.7289413010945,46.7342492267935,41.8224288598179,33
GBD,"Europe, Central",OSDMA8,pop,1990-2022,-1.26681491446081,0.545649675431963,0.154390995167895,0.0202510638285403,18.2164457713509,45.7655828469217,41.7117751206471,33
GBD,"Europe, Eastern",AnnualMean,area,1990-2022,0.716864643204003,0.339713952858528,0.0154217438322218,0.0348410666771652,19.4139529254149,30.2432975689333,32.5372644271862,33
GBD,"Europe, Eastern",AnnualMean,pop,1990-2022,-0.748283803942609,0.642652001384264,0.29780475025548,0.244274671444582,28.8582175031155,31.902265927094,29.5077577544777,33
GBD,"Europe, Eastern",OSDMA8,area,1990-2022,0.801749179716685,0.330266177852943,0.0205631382123205,0.015199729676379,17.6826305746546,35.9507673833275,38.5163647584208,33
GBD,"Europe, Eastern",OSDMA8,pop,1990-2022,-1.19295183379431,0.789870580383344,0.322723095668357,0.130963567106401,24.2634103097651,39.6855645148576,35.8681186467158,33
GBD,"Europe, Western",AnnualMean,area,1990-2022,0.258529580274619,0.23201803675113,0.277040724325212,0.26516551268753,29.7169450131857,35.3820468837499,36.2093415406287,33
GBD,"Europe, Western",AnnualMean,pop,1990-2022,0.652102912855709,0.255404709290704,0.123988190113692,0.0106733855049862,17.0977250965851,33.2488455120381,35.3355748331764,33
GBD,"Europe, Western",OSDMA8,area,1990-2022,-0.383685308177417,0.255019967304389,0.121079767222587,0.132444837022718,24.3255405806057,43.910432821883,42.6826398357152,33
GBD,"Europe, Western",OSDMA8,pop,1990-2022,-0.0429857323987393,0.307994038820301,0.0117647725969361,0.889002299287217,118.706675713427,43.2399714957892,43.1024171521133,33
GBD,"Latin America, Andean",AnnualMean,area,1990-2022,-0.946569835269799,0.681558271459416,0.51752570632075,0.164883887610577,25.6584279602074,26.2780666260634,23.2490431532,33
GBD,"Latin America, Andean",AnnualMean,pop,1990-2022,-0.967937881592849,0.57035828285287,0.511736172229434,0.089683443586197,22.4489827866055,27.6361188992256,24.5387176781285,33
GBD,"Latin America, Andean",OSDMA8,area,1990-2022,-1.53255357739354,0.686345055080196,0.446740502221691,0.0255542226419823,18.6959577619993,31.0597559618104,26.155584514151,33
GBD,"Latin America, Andean",OSDMA8,pop,1990-2022,-1.16078859161138,0.484463132171229,0.342626799471942,0.0165736970611926,17.8375371517336,31.0059779461562,27.2914544529997,33
GBD,"Latin America, Central",AnnualMean,area,1990-2022,-1.00477784869461,0.329306399685418,0.287583365621089,0.00227932932065666,15.1827311629644,32.0025049479489,28.7872158321262,33
GBD,"Latin America, Central",AnnualMean,pop,1990-2022,-0.465911717679127,0.287523952566237,0.203534752560577,0.105140477978151,23.1513731154404,33.3235299381596,31.8326124415864,33
GBD,"Latin America, Central",OSDMA8,area,1990-2022,-1.16873322691518,0.286539387819544,0.19699352366204,4.52712244998889e-05,12.5114923494409,35.8011436701532,32.0611973440246,33
GBD,"Latin America, Central",OSDMA8,pop,1990-2022,-0.635518190120708,0.259157329453742,0.00179080125844835,0.0141966555339601,17.5638679465489,37.217086239574,35.1834280311877,33
GBD,"Latin America, Southern",AnnualMean,area,1990-2022,-0.815738157885841,0.38911583749913,0.426070207430341,0.0360476982096399,19.4991303610369,27.6526661434922,25.0423040382575,33
GBD,"Latin America, Southern",AnnualMean,pop,1990-2022,-0.782063817130022,0.419946073439534,0.331085627235538,0.0625614043757202,21.1007249938141,29.2157867987541,26.713182583938,33
GBD,"Latin America, Southern",OSDMA8,area,1990-2022,-0.729735787784574,0.402607355494804,0.358740764396888,0.0699051565271858,21.485255832205,30.5249034293803,28.1897489084696,33
GBD,"Latin America, Southern",OSDMA8,pop,1990-2022,-0.529345993961645,0.502910757744146,0.373958570568239,0.292540649436364,30.8672083195679,32.265914586864,30.5720074061868,33
GBD,"Latin America, Tropical",AnnualMean,area,1990-2022,-0.455481038518985,0.634363448099403,0.480737120422556,0.472749430548424,39.8328813110139,26.8058125107973,25.3482731875366,33
GBD,"Latin America, Tropical",AnnualMean,pop,1990-2022,-0.201702847874237,0.558571920823623,0.344401236335029,0.718021311071091,62.9855901633843,28.947508497213,28.3020593840155,33
GBD,"Latin America, Tropical",OSDMA8,area,1990-2022,-0.663762566339879,0.633404590738144,0.355043865951076,0.294671664019881,30.9581825376903,30.5710651368918,28.4470249246042,33
GBD,"Latin America, Tropical",OSDMA8,pop,1990-2022,-0.156687302770992,0.523923348025916,0.307510812318329,0.764890208012232,71.4198809106326,31.6695871871306,31.1681878182634,33
GBD,"North Africa / Middle East",AnnualMean,area,1990-2022,1.4378726020468,1.21170338387177,0.720995919396515,0.235364147710825,28.4957722530591,36.1016453637241,40.7028376902739,33
GBD,"North Africa / Middle East",AnnualMean,pop,1990-2022,0.48758044510666,1.20791754307551,0.640614828074506,0.686467354814198,58.4777286634111,40.0261666915227,41.586424115864,33
GBD,"North Africa / Middle East",OSDMA8,area,1990-2022,0.599623794229807,0.872930068248439,0.583699242411639,0.492139877306203,41.026413503552,43.7894757146172,45.7082718561525,33
GBD,"North Africa / Middle East",OSDMA8,pop,1990-2022,-0.111616411741008,0.77803298030106,0.341546809153462,0.885927102413924,116.549332284089,48.2283712157285,47.8711986981573,33
GBD,"North America, High Income",AnnualMean,area,1990-2022,0.876056581215043,0.324619661909764,0.351429931042353,0.00696073530484618,16.4775105873996,32.4207930299329,35.224174089821,33
GBD,"North America, High Income",AnnualMean,pop,1990-2022,-0.198289085568957,0.219566990413912,0.253189458691431,0.366477327977838,34.1855036265941,39.2353095485781,38.6007844747574,33
GBD,"North America, High Income",OSDMA8,area,1990-2022,0.139559080621979,0.375882588243096,0.462752182620463,0.710426232279338,61.829048376479,39.2328217203234,39.6794107783138,33
GBD,"North America, High Income",OSDMA8,pop,1990-2022,-1.6686864107494,0.41894931244429,0.40232664966768,6.80430302041285e-05,12.7112323758467,49.5774075921207,44.2376110777226,33
GBD,"Oceania",AnnualMean,area,1990-2022,-0.517406876660058,0.720694230993174,0.199636200676879,0.472801418138485,39.835999883756,22.0208872908342,20.365185285522,33
GBD,"Oceania",AnnualMean,pop,1990-2022,-0.548030192605458,0.728126833729454,-0.0117944436695892,0.451655697177373,38.6009675099415,20.611688391382,18.8579917750446,33
GBD,"Oceania",OSDMA8,area,1990-2022,-0.88355236512637,0.831554470135257,0.398647047835149,0.287994712991292,30.673883384815,25.7196279556165,22.8922603872121,33
GBD,"Oceania",OSDMA8,pop,1990-2022,-0.698484600509119,0.864874334609953,0.260090863216152,0.419312838380342,36.8293402299956,23.9438610633003,21.7087103416711,33
GBD,"Sub-Saharan Africa, Central",AnnualMean,area,1990-2022,0.516528256534903,0.543550013028319,0.116662646348894,0.341966680627262,33.0440629116436,31.718287039516,33.3711774604277,33
GBD,"Sub-Saharan Africa, Central",AnnualMean,pop,1990-2022,1.19984031548968,0.591096960179842,0.109748211888943,0.0423714187926313,19.9229360054471,30.5994237070776,34.4389127166446,33
GBD,"Sub-Saharan Africa, Central",OSDMA8,area,1990-2022,-0.252010170025833,0.578273427259486,-0.0240649593196848,0.662983587459591,55.5656759886038,39.764095066366,38.9576625222833,33
GBD,"Sub-Saharan Africa, Central",OSDMA8,pop,1990-2022,0.484671633368281,0.619318889686414,-0.0766215539322459,0.433868993654955,37.6103728776891,38.7870526607327,40.3380018875112,33
GBD,"Sub-Saharan Africa, East",AnnualMean,area,1990-2022,1.79504276989513,0.460994165775298,0.0470082706752786,9.86651108120748e-05,12.9045711113202,27.9489686183946,33.693105482059,33
GBD,"Sub-Saharan Africa, East",AnnualMean,pop,1990-2022,2.17045020130473,0.557828835092665,0.129213376333835,9.98775271858316e-05,12.9111198435079,27.4081650463606,34.3536056905357,33
GBD,"Sub-Saharan Africa, East",OSDMA8,area,1990-2022,1.50336858445452,0.345689340514793,-0.0377386366396425,1.36821697639024e-05,11.9879107584736,33.2132212719678,38.0240007422222,33
GBD,"Sub-Saharan Africa, East",OSDMA8,pop,1990-2022,1.88447946816674,0.477020146633273,0.134207666700297,7.79803249645811e-05,12.7808586163501,32.3130219208665,38.343356219,33
GBD,"Sub-Saharan Africa, Southern",AnnualMean,area,1990-2022,1.91889240030081,0.65752754536969,0.0792430494843716,0.00351894472390377,15.6400705771654,29.0563509953226,35.1968066762852,33
GBD,"Sub-Saharan Africa, Southern",AnnualMean,pop,1990-2022,2.59482389821675,0.828883079045025,0.198645673846014,0.00174505114848376,14.9251972541355,29.5998024262043,37.9032389004979,33
GBD,"Sub-Saharan Africa, Southern",OSDMA8,area,1990-2022,1.15144012080077,0.626373972740065,-0.0274063487028314,0.0660236551135399,21.2842353927201,35.0361920009109,38.7208003874734,33
GBD,"Sub-Saharan Africa, Southern",OSDMA8,pop,1990-2022,1.9832596302024,0.814738444100769,0.111092615285461,0.0149235662829287,17.6504418351677,35.1434623212264,41.489893137874,33
GBD,"Sub-Saharan Africa, West",AnnualMean,area,1990-2022,1.45645685696976,0.492619011847772,0.120665917355169,0.00311093354617972,15.5050148238413,30.6614573938634,35.3221193361666,33
GBD,"Sub-Saharan Africa, West",AnnualMean,pop,1990-2022,0.895333319849919,0.47897843554956,0.159278627702202,0.0615872049746445,21.0483132769073,32.2290766159001,35.0941432394198,33
GBD,"Sub-Saharan Africa, West",OSDMA8,area,1990-2022,0.760617386600921,0.416861549250904,0.198602301902657,0.0680571373969304,21.390136177298,36.1460151316901,38.579990768813,33
GBD,"Sub-Saharan Africa, West",OSDMA8,pop,1990-2022,0.755803916017035,0.542118126483207,0.360006158523924,0.163266782993975,25.5929108370808,36.4764832907457,38.8950558220002,33
GBD,"Unknown",AnnualMean,area,1990-2022,1.69893165016669,0.231860290801649,0.0867298800095233,2.34671550860239e-13,8.46636138688783,27.0013109861059,32.4378922666393,33
GBD,"Unknown",AnnualMean,pop,1990-2022,-0.911045130483722,0.68151372106573,0.269643903609388,0.181289084694607,26.3200250454434,28.9592774443751,26.0439330268271,33
GBD,"Unknown",OSDMA8,area,1990-2022,1.34380151858076,0.223167407552357,0.168837948356554,1.72812932567129e-09,9.64999119133632,31.2001440747427,35.5003089342011,33
GBD,"Unknown",OSDMA8,pop,1990-2022,-1.2140566754125,0.758864919579087,0.272551018180876,0.109635772017365,23.3496388008885,33.3114050891523,29.4264237278323,33
WHO,"AFRO",AnnualMean,area,1990-2022,1.53255504135389,0.390705766803576,0.0277177403948775,8.76240254501237e-05,12.8415954223906,29.7595291675485,34.663705299881,33
WHO,"AFRO",AnnualMean,pop,1990-2022,1.53210275683983,0.426784175830106,0.0835792078712181,0.000330833855080151,13.6231257641722,30.1629990611391,35.0657278830266,33
WHO,"AFRO",OSDMA8,area,1990-2022,0.860921568153964,0.328266394077091,-0.0484967332279582,0.00872537583341657,16.7946792505155,35.962440722302,38.7173897403947,33
WHO,"AFRO",OSDMA8,pop,1990-2022,1.17660012067069,0.362239015885905,0.0784514696931885,0.00116165386946333,14.5626601385436,35.4064012987327,39.1715216848789,33
WHO,"AMRO",AnnualMean,area,1990-2022,0.0525129211069067,0.207060397931805,0.361130568428919,0.799795625524531,79.7168998833937,30.4392929224462,30.6073342699883,33
WHO,"AMRO",AnnualMean,pop,1990-2022,-0.395413811175986,0.206008633714515,0.348182184180423,0.0549332155448289,20.680080003477,33.9021973337293,32.6368731379661,33
WHO,"AMRO",OSDMA8,area,1990-2022,-0.412303089649049,0.224977117856757,0.430235988354497,0.0668554479189818,21.3277150329089,35.7182378575655,34.3988679706885,33
WHO,"AMRO",OSDMA8,pop,1990-2022,-0.967498983869464,0.268580836715258,0.368038055277685,0.000315458182042145,13.5918787898374,39.7936776942272,36.6976809458449,33
WHO,"EMRO",AnnualMean,area,1990-2022,1.43667651137298,1.09045105809696,0.668160410356589,0.18766885630263,26.5763059134288,35.87415040051,40.4715152369036,33
WHO,"EMRO",AnnualMean,pop,1990-2022,1.31979960936913,0.982933018245019,0.520479691689571,0.179364044470955,26.2426149746652,39.5483006842247,43.7716594342059,33
WHO,"EMRO",OSDMA8,area,1990-2022,0.918968485197825,0.794981981495709,0.52010451685935,0.247696945554363,28.9979703296839,42.7796626117369,45.7203617643699,33
WHO,"EMRO",OSDMA8,pop,1990-2022,1.46280129352512,0.706116697479868,0.22938887706217,0.0383014456705745,19.6542851851303,45.9519939948402,50.6329581341205,33
WHO,"EURO",AnnualMean,area,1990-2022,0.608809391732903,0.425094830567364,0.301450814924716,0.152094281135603,25.1381208552047,31.9603588241754,33.9085488777207,33
WHO,"EURO",AnnualMean,pop,1990-2022,0.0555258326454379,0.505408899091788,0.454669000389318,0.91251787788464,139.239255614476,33.5534965926955,33.7311792571609,33
WHO,"EURO",OSDMA8,area,1990-2022,0.462645619768509,0.482172988335883,0.371054461899313,0.337306253973256,32.8321586746384,38.6473477050393,40.1278136882986,33
WHO,"EURO",OSDMA8,pop,1990-2022,-0.550212266162087,0.603273195579941,0.458005782686204,0.361745060298858,33.9614061632058,42.9626020758518,41.2019228241331,33
WHO,"SEARO",AnnualMean,area,1990-2022,1.04131044206248,0.544169299467554,0.201944826525591,0.0556740883666816,20.7220331908117,29.3570370915061,32.689230506106,33
WHO,"SEARO",AnnualMean,pop,1990-2022,2.22183768072881,0.530802472903866,0.169221125436174,2.84152424479729e-05,12.2973130647118,33.5502212919077,40.6601018702399,33
WHO,"SEARO",OSDMA8,area,1990-2022,1.25841289799861,0.506907716540969,0.193538762565668,0.0130453599503297,17.4207554409087,33.9845647599598,38.0114860335554,33
WHO,"SEARO",OSDMA8,pop,1990-2022,2.82100500347632,0.460199494025538,-0.0334076733087881,8.79005539584519e-10,9.53581923739571,38.6115472062605,47.6387632173847,33
WHO,"WPRO",AnnualMean,area,1990-2022,1.18844033848753,0.364966696712524,0.427005366377941,0.00112875200054547,14.5383032893247,30.0191195352909,33.822128618451,33
WHO,"WPRO",AnnualMean,pop,1990-2022,3.31069190291276,0.52533567810073,0.541319029091594,2.93733675350696e-10,9.36142386897079,32.1557375874347,42.7499516767556,33
WHO,"WPRO",OSDMA8,area,1990-2022,1.53890837860706,0.290700363342763,0.277502548551595,1.19803168724629e-07,10.5152199953291,34.2525689200329,39.1770757315755,33
WHO,"WPRO",OSDMA8,pop,1990-2022,4.89774672897153,0.570899598019763,0.524457615166387,9.57028206911952e-18,7.62147037116542,36.6540484078175,52.3268379405264,33
